DATUM,CDU/CSU,SPD,GRÜNE,FDP,LINKE,SONSTIGE,BEFRAGTE,BUNDESTAGSWAHL,AFD,NICHTWÄHLER/UNENTSCHL.,INSTITUT
1998-04-02,34.0,44.0,6.0,5.0,6.0,5.0,,False,,,FORSA
1998-04-08,34.0,44.0,6.0,5.0,6.0,5.0,,False,,,FORSA
1998-04-16,35.0,43.0,6.0,5.0,5.0,6.0,,False,,,FORSA
1998-05-06,32.0,46.0,6.0,6.0,5.0,5.0,,False,,,FORSA
1998-05-13,33.0,46.0,5.0,5.0,5.0,6.0,,False,,,FORSA
1998-05-20,33.0,45.0,5.0,5.0,6.0,2.0,,False,,,FORSA
1998-05-27,35.0,43.0,6.0,4.0,6.0,2.0,,False,,,FORSA
1998-06-04,36.0,43.0,6.0,4.0,6.0,2.0,,False,,,FORSA
1998-06-11,36.0,43.0,6.0,4.0,6.0,2.0,,False,,,FORSA
1998-06-18,36.0,43.0,7.0,4.0,5.0,2.0,,False,,,FORSA
1998-06-25,36.0,43.0,6.0,4.0,6.0,2.0,,False,,,FORSA
1998-07-02,35.0,43.0,5.0,5.0,6.0,3.0,,False,,,FORSA
1998-07-09,34.0,43.0,6.0,5.0,6.0,3.0,,False,,,FORSA
1998-07-16,36.0,43.0,6.0,5.0,4.0,2.0,,False,,,FORSA
1998-07-23,36.0,43.0,6.0,5.0,5.0,2.0,,False,,,FORSA
1998-07-30,36.0,43.0,6.0,5.0,4.0,2.0,,False,,,FORSA
1998-08-06,37.0,43.0,7.0,4.0,5.0,1.0,,False,,,FORSA
1998-08-13,37.0,43.0,6.0,4.0,4.0,2.0,,False,,,FORSA
1998-08-20,38.0,43.0,6.0,4.0,4.0,1.0,,False,,,FORSA
1998-08-27,37.0,42.0,6.0,4.0,5.0,6.0,,False,,,FORSA
1998-08-28,38.0,42.0,6.0,4.0,5.0,5.0,,False,,,FORSA
1998-08-30,38.0,42.0,6.0,4.0,5.0,5.0,,False,,,FORSA
1998-08-31,38.0,42.0,6.0,4.0,5.0,5.0,,False,,,FORSA
1998-09-01,37.0,42.0,5.0,5.0,5.0,6.0,,False,,,FORSA
1998-09-02,37.0,42.0,6.0,5.0,4.0,6.0,,False,,,FORSA
1998-09-03,37.0,42.0,6.0,5.0,4.0,6.0,,False,,,FORSA
1998-09-04,37.0,42.0,7.0,5.0,4.0,5.0,,False,,,FORSA
1998-09-05,37.0,42.0,6.0,5.0,4.0,6.0,,False,,,FORSA
1998-09-06,37.0,42.0,6.0,5.0,4.0,6.0,,False,,,FORSA
1998-09-07,37.0,43.0,6.0,5.0,4.0,5.0,,False,,,FORSA
1998-09-08,37.0,43.0,7.0,4.0,4.0,5.0,,False,,,FORSA
1998-09-09,37.0,43.0,6.0,4.0,4.0,6.0,,False,,,FORSA
1998-09-10,37.0,42.0,6.0,4.0,5.0,6.0,,False,,,FORSA
1998-09-11,37.0,43.0,6.0,4.0,4.0,6.0,,False,,,FORSA
1998-09-12,36.0,42.0,6.0,5.0,5.0,6.0,,False,,,FORSA
1998-09-13,36.0,42.0,6.0,5.0,5.0,6.0,,False,,,FORSA
1998-09-14,36.0,42.0,6.0,5.0,5.0,6.0,,False,,,FORSA
1998-09-15,38.0,41.0,7.0,5.0,4.0,5.0,,False,,,FORSA
1998-09-16,38.0,42.0,7.0,4.0,4.0,5.0,,False,,,FORSA
1998-09-17,38.0,42.0,7.0,4.0,4.0,5.0,,False,,,FORSA
1998-09-18,38.0,42.0,6.0,5.0,4.0,5.0,,False,,,FORSA
1998-09-19,38.0,42.0,6.0,5.0,4.0,5.0,,False,,,FORSA
1998-09-20,38.0,42.0,6.0,5.0,4.0,5.0,,False,,,FORSA
1998-09-21,38.0,41.0,7.0,5.0,4.0,5.0,,False,,,FORSA
1998-09-22,38.0,41.0,7.0,5.0,4.0,5.0,,False,,,FORSA
1998-09-23,37.0,42.0,6.0,6.0,4.0,5.0,,False,,,FORSA
1998-09-24,38.0,42.0,6.0,5.0,4.0,5.0,,False,,,FORSA
1998-09-25,38.0,42.0,6.0,5.0,4.0,5.0,,False,,,FORSA
1998-09-27,35.1,40.9,6.7,6.2,5.1,2.6,,True,,,FORSA
1998-09-29,38.0,42.0,6.0,4.0,5.0,5.0,,False,,,FORSA
1998-10-29,39.0,39.0,6.0,6.0,5.0,5.0,,False,,,FORSA
1998-11-05,38.0,39.0,7.0,6.0,5.0,5.0,,False,,,FORSA
1998-11-12,38.0,39.0,6.0,6.0,6.0,5.0,,False,,,FORSA
1998-11-19,37.0,39.0,7.0,6.0,6.0,5.0,,False,,,FORSA
1998-11-26,38.0,38.0,7.0,5.0,5.0,7.0,,False,,,FORSA
1998-12-03,39.0,38.0,7.0,5.0,5.0,6.0,,False,,,FORSA
1998-12-10,39.0,38.0,6.0,5.0,6.0,6.0,,False,,,FORSA
1998-12-17,37.0,40.0,6.0,5.0,5.0,7.0,,False,,,FORSA
1999-01-07,37.0,39.0,7.0,5.0,5.0,7.0,,False,,,FORSA
1999-01-14,37.0,39.0,7.0,5.0,6.0,6.0,,False,,,FORSA
1999-01-21,38.0,39.0,7.0,5.0,5.0,6.0,,False,,,FORSA
1999-01-28,39.0,39.0,7.0,5.0,5.0,5.0,,False,,,FORSA
1999-02-04,39.0,39.0,6.0,6.0,5.0,5.0,,False,,,FORSA
1999-02-11,40.0,38.0,6.0,6.0,5.0,5.0,,False,,,FORSA
1999-02-18,41.0,38.0,6.0,5.0,5.0,5.0,,False,,,FORSA
1999-02-25,42.0,37.0,6.0,6.0,4.0,5.0,,False,,,FORSA
1999-03-04,41.0,38.0,6.0,5.0,5.0,5.0,,False,,,FORSA
1999-03-11,42.0,37.0,7.0,5.0,5.0,4.0,,False,,,FORSA
1999-03-18,43.0,35.0,7.0,5.0,5.0,5.0,,False,,,FORSA
1999-03-25,44.0,34.0,7.0,5.0,6.0,4.0,,False,,,FORSA
1999-04-01,44.0,34.0,6.0,5.0,6.0,5.0,,False,,,FORSA
1999-04-08,43.0,37.0,6.0,4.0,5.0,5.0,,False,,,FORSA
1999-04-15,42.0,37.0,6.0,5.0,6.0,4.0,,False,,,FORSA
1999-04-22,41.0,38.0,5.0,6.0,6.0,4.0,,False,,,FORSA
1999-04-29,42.0,37.0,6.0,6.0,5.0,4.0,,False,,,FORSA
1999-05-06,42.0,35.0,6.0,6.0,6.0,5.0,,False,,,FORSA
1999-05-12,43.0,34.0,6.0,6.0,6.0,5.0,,False,,,FORSA
1999-05-20,43.0,33.0,6.0,6.0,6.0,6.0,,False,,,FORSA
1999-05-27,43.0,35.0,5.0,6.0,6.0,5.0,,False,,,FORSA
1999-06-03,44.0,34.0,5.0,6.0,6.0,5.0,,False,,,FORSA
1999-06-10,44.0,34.0,6.0,5.0,5.0,6.0,,False,,,FORSA
1999-06-17,45.0,34.0,6.0,4.0,6.0,5.0,,False,,,FORSA
1999-06-24,45.0,32.0,6.0,5.0,6.0,6.0,,False,,,FORSA
1999-07-01,46.0,33.0,6.0,5.0,5.0,5.0,,False,,,FORSA
1999-07-08,45.0,33.0,6.0,5.0,6.0,5.0,,False,,,FORSA
1999-07-15,45.0,32.0,5.0,7.0,6.0,5.0,,False,,,FORSA
1999-07-22,46.0,32.0,5.0,6.0,6.0,5.0,,False,,,FORSA
1999-07-29,45.0,33.0,5.0,6.0,6.0,5.0,,False,,,FORSA
1999-08-05,44.0,34.0,6.0,6.0,6.0,4.0,,False,,,FORSA
1999-08-12,46.0,33.0,5.0,5.0,6.0,5.0,,False,,,FORSA
1999-08-19,45.0,34.0,5.0,5.0,7.0,4.0,,False,,,FORSA
1999-08-26,47.0,32.0,6.0,5.0,6.0,4.0,,False,,,FORSA
1999-09-02,45.0,33.0,7.0,5.0,6.0,4.0,,False,,,FORSA
1999-09-09,48.0,31.0,5.0,5.0,7.0,4.0,,False,,,FORSA
1999-09-16,47.0,31.0,6.0,5.0,7.0,4.0,,False,,,FORSA
1999-09-23,46.0,32.0,6.0,5.0,6.0,5.0,,False,,,FORSA
1999-09-30,45.0,33.0,6.0,5.0,6.0,5.0,,False,,,FORSA
1999-10-07,43.0,34.0,6.0,4.0,7.0,6.0,,False,,,FORSA
1999-10-14,43.0,33.0,6.0,4.0,8.0,6.0,,False,,,FORSA
1999-10-21,44.0,33.0,5.0,4.0,8.0,6.0,,False,,,FORSA
1999-10-28,44.0,34.0,5.0,4.0,8.0,5.0,,False,,,FORSA
1999-11-04,47.0,31.0,5.0,4.0,7.0,6.0,,False,,,FORSA
1999-11-11,45.0,32.0,5.0,5.0,7.0,6.0,,False,,,FORSA
1999-11-18,46.0,33.0,6.0,4.0,6.0,5.0,,False,,,FORSA
1999-11-25,47.0,33.0,5.0,4.0,7.0,4.0,,False,,,FORSA
1999-12-02,45.0,34.0,5.0,4.0,7.0,5.0,,False,,,FORSA
1999-12-09,45.0,34.0,6.0,5.0,6.0,4.0,,False,,,FORSA
1999-12-16,42.0,37.0,6.0,5.0,6.0,4.0,,False,,,FORSA
2000-01-06,38.0,40.0,6.0,5.0,7.0,4.0,,False,,,FORSA
2000-01-13,37.0,40.0,6.0,5.0,7.0,5.0,,False,,,FORSA
2000-01-20,29.0,44.0,6.0,8.0,8.0,5.0,,False,,,FORSA
2000-01-27,29.0,42.0,7.0,8.0,7.0,7.0,,False,,,FORSA
2000-02-03,28.0,42.0,7.0,9.0,7.0,7.0,,False,,,FORSA
2000-02-10,26.0,41.0,9.0,10.0,8.0,6.0,,False,,,FORSA
2000-02-17,28.0,42.0,8.0,7.0,8.0,7.0,,False,,,FORSA
2000-02-24,26.0,43.0,7.0,10.0,8.0,6.0,,False,,,FORSA
2000-03-02,29.0,44.0,7.0,8.0,7.0,5.0,,False,,,FORSA
2000-03-09,29.0,43.0,7.0,8.0,7.0,6.0,,False,,,FORSA
2000-03-16,32.0,42.0,7.0,7.0,7.0,5.0,,False,,,FORSA
2000-03-23,31.0,41.0,7.0,7.0,7.0,7.0,,False,,,FORSA
2000-03-30,33.0,41.0,7.0,7.0,7.0,5.0,,False,,,FORSA
2000-04-06,33.0,41.0,7.0,8.0,7.0,4.0,,False,,,FORSA
2000-04-13,33.0,41.0,7.0,7.0,7.0,5.0,,False,,,FORSA
2000-04-20,38.0,41.0,6.0,5.0,6.0,4.0,,False,,,FORSA
2000-04-27,37.0,39.0,7.0,6.0,5.0,6.0,,False,,,FORSA
2000-05-04,38.0,40.0,7.0,6.0,5.0,4.0,,False,,,FORSA
2000-05-11,37.0,41.0,6.0,6.0,5.0,5.0,,False,,,FORSA
2000-05-18,36.0,40.0,6.0,8.0,4.0,6.0,,False,,,FORSA
2000-05-25,35.0,40.0,7.0,9.0,4.0,5.0,,False,,,FORSA
2000-05-31,36.0,40.0,6.0,9.0,4.0,5.0,,False,,,FORSA
2000-06-08,37.0,38.0,6.0,9.0,5.0,5.0,,False,,,FORSA
2000-06-15,38.0,38.0,6.0,10.0,4.0,4.0,,False,,,FORSA
2000-06-22,38.0,36.0,6.0,10.0,5.0,5.0,,False,,,FORSA
2000-06-29,37.0,38.0,5.0,9.0,5.0,6.0,,False,,,FORSA
2000-07-06,38.0,39.0,5.0,9.0,4.0,5.0,,False,,,FORSA
2000-07-13,37.0,38.0,5.0,11.0,4.0,5.0,,False,,,FORSA
2000-07-20,33.0,43.0,5.0,9.0,4.0,6.0,,False,,,FORSA
2000-07-27,33.0,42.0,6.0,9.0,5.0,5.0,,False,,,FORSA
2000-08-03,33.0,43.0,6.0,8.0,5.0,5.0,,False,,,FORSA
2000-08-10,33.0,42.0,6.0,9.0,5.0,5.0,,False,,,FORSA
2000-08-17,33.0,43.0,6.0,8.0,5.0,5.0,,False,,,FORSA
2000-08-24,33.0,43.0,6.0,8.0,5.0,5.0,,False,,,FORSA
2000-08-30,33.0,43.0,6.0,7.0,5.0,6.0,,False,,,FORSA
2000-09-06,34.0,43.0,6.0,7.0,5.0,5.0,,False,,,FORSA
2000-09-13,32.0,44.0,6.0,8.0,5.0,5.0,,False,,,FORSA
2000-09-20,34.0,42.0,6.0,7.0,5.0,6.0,,False,,,FORSA
2000-09-27,36.0,40.0,6.0,7.0,6.0,5.0,,False,,,FORSA
2000-10-04,36.0,39.0,7.0,8.0,5.0,5.0,,False,,,FORSA
2000-10-11,35.0,40.0,7.0,8.0,5.0,5.0,,False,,,FORSA
2000-10-18,35.0,42.0,6.0,7.0,6.0,4.0,,False,,,FORSA
2000-10-25,35.0,41.0,6.0,8.0,6.0,4.0,,False,,,FORSA
2000-11-01,36.0,41.0,6.0,7.0,6.0,4.0,,False,,,FORSA
2000-11-08,35.0,41.0,6.0,7.0,6.0,5.0,,False,,,FORSA
2000-11-15,35.0,41.0,6.0,6.0,6.0,6.0,,False,,,FORSA
2000-11-22,37.0,39.0,6.0,8.0,5.0,5.0,,False,,,FORSA
2000-11-29,36.0,40.0,6.0,7.0,6.0,5.0,,False,,,FORSA
2000-12-06,38.0,39.0,6.0,7.0,5.0,5.0,,False,,,FORSA
2000-12-13,36.0,40.0,6.0,8.0,6.0,4.0,,False,,,FORSA
2001-01-03,37.0,40.0,6.0,6.0,6.0,5.0,,False,,,FORSA
2001-01-10,36.0,40.0,6.0,7.0,6.0,5.0,,False,,,FORSA
2001-01-17,35.0,39.0,7.0,8.0,6.0,5.0,,False,,,FORSA
2001-01-25,35.0,39.0,8.0,8.0,5.0,5.0,,False,,,FORSA
2001-02-01,34.0,40.0,8.0,8.0,5.0,5.0,,False,,,FORSA
2001-02-08,34.0,41.0,8.0,8.0,5.0,4.0,,False,,,FORSA
2001-02-15,33.0,42.0,8.0,8.0,5.0,4.0,,False,,,FORSA
2001-02-22,33.0,42.0,8.0,8.0,5.0,4.0,,False,,,FORSA
2001-03-01,33.0,41.0,7.0,8.0,6.0,5.0,,False,,,FORSA
2001-03-08,33.0,41.0,8.0,8.0,6.0,4.0,,False,,,FORSA
2001-03-15,33.0,41.0,7.0,9.0,5.0,5.0,,False,,,FORSA
2001-03-22,34.0,41.0,7.0,8.0,5.0,5.0,,False,,,FORSA
2001-03-29,34.0,41.0,7.0,8.0,5.0,5.0,,False,,,FORSA
2001-04-05,35.0,42.0,6.0,8.0,5.0,4.0,,False,,,FORSA
2001-04-11,36.0,42.0,6.0,7.0,5.0,4.0,,False,,,FORSA
2001-04-19,35.0,41.0,6.0,7.0,6.0,5.0,,False,,,FORSA
2001-04-26,34.0,41.0,7.0,9.0,5.0,4.0,,False,,,FORSA
2001-05-03,36.0,41.0,6.0,8.0,5.0,4.0,,False,,,FORSA
2001-05-10,33.0,42.0,6.0,9.0,6.0,4.0,,False,,,FORSA
2001-05-17,33.0,40.0,6.0,12.0,5.0,4.0,,False,,,FORSA
2001-05-23,34.0,40.0,6.0,11.0,5.0,4.0,,False,,,FORSA
2001-05-31,34.0,40.0,7.0,10.0,5.0,4.0,,False,,,FORSA
2001-06-07,33.0,42.0,6.0,10.0,5.0,4.0,,False,,,FORSA
2001-06-14,34.0,41.0,7.0,10.0,4.0,4.0,,False,,,FORSA
2001-06-21,36.0,39.0,7.0,9.0,5.0,4.0,,False,,,FORSA
2001-06-28,34.0,38.0,7.0,10.0,8.0,3.0,,False,,,FORSA
2001-07-05,35.0,38.0,7.0,10.0,7.0,3.0,,False,,,FORSA
2001-07-12,34.0,39.0,7.0,10.0,6.0,4.0,,False,,,FORSA
2001-07-19,34.0,39.0,7.0,10.0,6.0,4.0,,False,,,FORSA
2001-07-26,34.0,39.0,7.0,9.0,7.0,4.0,,False,,,FORSA
2001-08-02,33.0,39.0,8.0,10.0,6.0,4.0,,False,,,FORSA
2001-08-09,34.0,39.0,7.0,10.0,6.0,4.0,,False,,,FORSA
2001-08-16,35.0,38.0,7.0,9.0,7.0,4.0,,False,,,FORSA
2001-08-23,36.0,37.0,7.0,10.0,6.0,4.0,,False,,,FORSA
2001-08-30,37.0,36.0,7.0,10.0,6.0,4.0,,False,,,FORSA
2001-09-06,37.0,37.0,7.0,9.0,6.0,4.0,,False,,,FORSA
2001-09-13,36.0,37.0,7.0,9.0,6.0,5.0,,False,,,FORSA
2001-09-20,37.0,40.0,6.0,8.0,5.0,4.0,,False,,,FORSA
2001-09-27,36.0,41.0,6.0,8.0,5.0,4.0,,False,,,FORSA
2001-10-04,35.0,42.0,6.0,8.0,5.0,4.0,,False,,,FORSA
2001-10-11,34.0,42.0,6.0,8.0,6.0,4.0,,False,,,FORSA
2001-10-18,35.0,42.0,6.0,8.0,5.0,4.0,,False,,,FORSA
2001-10-25,35.0,42.0,6.0,7.0,6.0,4.0,,False,,,FORSA
2001-11-01,32.0,41.0,6.0,10.0,7.0,4.0,,False,,,FORSA
2001-11-08,33.0,41.0,6.0,9.0,7.0,4.0,,False,,,FORSA
2001-11-15,33.0,41.0,6.0,9.0,7.0,4.0,,False,,,FORSA
2001-11-22,33.0,42.0,5.0,9.0,7.0,4.0,,False,,,FORSA
2001-11-29,33.0,41.0,6.0,9.0,7.0,4.0,,False,,,FORSA
2001-12-06,34.0,41.0,6.0,9.0,6.0,4.0,,False,,,FORSA
2001-12-13,37.0,38.0,5.0,7.0,8.0,5.0,,False,,,FORSA
2002-01-03,38.0,38.0,5.0,8.0,7.0,4.0,,False,,,FORSA
2002-01-10,37.0,38.0,6.0,9.0,6.0,4.0,,False,,,FORSA
2002-01-17,41.0,36.0,6.0,7.0,6.0,4.0,,False,,,FORSA
2002-01-24,41.0,36.0,5.0,8.0,6.0,4.0,,False,,,FORSA
2002-01-31,40.0,35.0,6.0,9.0,6.0,4.0,,False,,,FORSA
2002-02-07,41.0,36.0,6.0,8.0,6.0,3.0,,False,,,FORSA
2002-02-10,42.0,34.0,6.0,8.0,6.0,4.0,,False,,,FORSA
2002-02-21,41.0,35.0,6.0,8.0,6.0,4.0,,False,,,FORSA
2002-02-28,40.0,35.0,6.0,9.0,6.0,4.0,,False,,,FORSA
2002-03-06,41.0,34.0,6.0,8.0,7.0,4.0,,False,,,FORSA
2002-03-13,40.0,35.0,6.0,9.0,6.0,4.0,2500.0,False,,,FORSA
2002-03-20,41.0,33.0,6.0,9.0,7.0,4.0,2509.0,False,,,FORSA
2002-03-26,41.0,34.0,6.0,9.0,6.0,4.0,2501.0,False,,,FORSA
2002-04-03,40.0,34.0,6.0,9.0,7.0,4.0,,False,,,FORSA
2002-04-10,40.0,33.0,7.0,9.0,7.0,4.0,2004.0,False,,,FORSA
2002-04-17,40.0,35.0,7.0,9.0,5.0,4.0,2508.0,False,,,FORSA
2002-04-24,39.0,34.0,7.0,11.0,6.0,3.0,,False,,,FORSA
2002-04-29,41.0,32.0,6.0,11.0,6.0,4.0,2500.0,False,,,FORSA
2002-05-07,41.0,31.0,7.0,12.0,6.0,3.0,2009.0,False,,,FORSA
2002-05-15,41.0,32.0,7.0,11.0,6.0,3.0,1009.0,False,,,FORSA
2002-05-19,39.0,33.0,7.0,12.0,6.0,3.0,,False,,,FORSA
2002-05-25,39.0,33.0,6.0,12.0,6.0,4.0,,False,,,FORSA
2002-05-29,38.0,34.0,6.0,12.0,6.0,4.0,2009.0,False,,,FORSA
2002-05-31,40.0,34.0,5.0,10.0,6.0,5.0,,False,,,FORSA
2002-06-04,40.0,35.0,6.0,9.0,6.0,4.0,3006.0,False,,,FORSA
2002-06-06,39.0,35.0,7.0,10.0,6.0,3.0,,False,,,FORSA
2002-06-12,38.0,36.0,6.0,10.0,6.0,4.0,3005.0,False,,,FORSA
2002-06-14,38.0,36.0,6.0,10.0,6.0,4.0,3006.0,False,,,FORSA
2002-06-19,38.0,36.0,6.0,10.0,6.0,4.0,3031.0,False,,,FORSA
2002-06-21,41.0,35.0,6.0,9.0,5.0,4.0,2009.0,False,,,FORSA
2002-06-26,41.0,35.0,6.0,9.0,5.0,4.0,2503.0,False,,,FORSA
2002-07-02,39.0,36.0,6.0,9.0,6.0,4.0,3004.0,False,,,FORSA
2002-07-04,39.0,36.0,7.0,8.0,6.0,4.0,,False,,,FORSA
2002-07-10,39.0,36.0,7.0,8.0,6.0,4.0,3007.0,False,,,FORSA
2002-07-17,40.0,37.0,6.0,8.0,5.0,4.0,3006.0,False,,,FORSA
2002-07-24,40.0,36.0,6.0,9.0,6.0,3.0,3007.0,False,,,FORSA
2002-07-25,42.0,35.0,6.0,9.0,6.0,2.0,,False,,,FORSA
2002-07-31,42.0,35.0,6.0,9.0,5.0,3.0,2002.0,False,,,FORSA
2002-08-01,43.0,34.0,6.0,9.0,5.0,3.0,,False,,,FORSA
2002-08-07,42.0,35.0,6.0,9.0,5.0,3.0,3005.0,False,,,FORSA
2002-08-08,41.0,36.0,6.0,9.0,4.0,4.0,,False,,,FORSA
2002-08-14,41.0,35.0,6.0,10.0,4.0,4.0,3008.0,False,,,FORSA
2002-08-17,40.0,36.0,7.0,8.0,5.0,4.0,1508.0,False,,,FORSA
2002-08-23,40.0,38.0,7.0,8.0,5.0,2.0,2016.0,False,,,FORSA
2002-08-28,40.0,38.0,7.0,8.0,5.0,2.0,3001.0,False,,,FORSA
2002-08-29,39.0,38.0,7.0,9.0,4.0,3.0,,False,,,FORSA
2002-09-04,39.0,39.0,7.0,8.0,4.0,3.0,3002.0,False,,,FORSA
2002-09-06,39.0,39.0,7.0,9.0,4.0,2.0,2006.0,False,,,FORSA
2002-09-11,38.0,38.0,8.0,9.0,5.0,2.0,3022.0,False,,,FORSA
2002-09-13,38.0,40.0,7.0,8.0,4.0,3.0,,False,,,FORSA
2002-09-18,38.0,40.0,7.0,8.0,4.0,3.0,3006.0,False,,,FORSA
2002-09-20,37.5,39.0,7.0,7.5,4.25,,2021.0,False,,,FORSA
2002-09-22,38.5,38.5,8.6,7.4,4.0,3.0,,True,,,FORSA
2002-10-01,39.0,39.0,10.0,7.0,3.0,2.0,2505.0,False,,,FORSA
2002-10-09,40.0,38.0,10.0,6.0,4.0,2.0,2003.0,False,,,FORSA
2002-10-17,40.0,38.0,10.0,6.0,3.0,3.0,2505.0,False,,,FORSA
2002-10-23,41.0,37.0,10.0,7.0,3.0,2.0,2507.0,False,,,FORSA
2002-10-30,43.0,35.0,10.0,6.0,3.0,3.0,2505.0,False,,,FORSA
2002-11-06,45.0,33.0,10.0,5.0,4.0,3.0,2502.0,False,,,FORSA
2002-11-13,46.0,32.0,10.0,5.0,4.0,3.0,2501.0,False,,,FORSA
2002-11-20,48.0,30.0,10.0,4.0,4.0,4.0,2507.0,False,,,FORSA
2002-11-27,50.0,28.0,10.0,5.0,4.0,3.0,2509.0,False,,,FORSA
2002-12-04,50.0,27.0,11.0,4.0,4.0,4.0,2501.0,False,,,FORSA
2002-12-11,48.0,29.0,11.0,4.0,4.0,4.0,2502.0,False,,,FORSA
2002-12-17,48.0,30.0,10.0,4.0,4.0,4.0,2511.0,False,,,FORSA
2003-01-01,48.0,30.0,11.0,5.0,3.0,3.0,1007.0,False,,,FORSA
2003-01-07,47.0,31.0,11.0,5.0,3.0,3.0,1502.0,False,,,FORSA
2003-01-15,47.0,31.0,10.0,5.0,4.0,3.0,2502.0,False,,,FORSA
2003-01-22,47.0,31.0,11.0,5.0,3.0,3.0,2506.0,False,,,FORSA
2003-01-29,47.0,31.0,10.0,5.0,4.0,3.0,2505.0,False,,,FORSA
2003-02-04,49.0,27.0,11.0,7.0,3.0,3.0,1007.0,False,,,FORSA
2003-02-11,48.0,27.0,12.0,7.0,3.0,3.0,2517.0,False,,,FORSA
2003-02-19,48.0,28.0,12.0,6.0,3.0,3.0,2502.0,False,,,FORSA
2003-02-26,47.0,29.0,12.0,6.0,3.0,3.0,2503.0,False,,,FORSA
2003-03-04,47.0,30.0,11.0,6.0,3.0,3.0,2512.0,False,,,FORSA
2003-03-12,48.0,29.0,11.0,6.0,3.0,3.0,2531.0,False,,,FORSA
2003-03-19,48.0,29.0,11.0,6.0,3.0,3.0,2502.0,False,,,FORSA
2003-03-23,45.0,32.0,11.0,6.0,3.0,3.0,2501.0,False,,,FORSA
2003-04-01,44.0,33.0,11.0,6.0,3.0,3.0,2506.0,False,,,FORSA
2003-04-09,44.0,33.0,11.0,6.0,3.0,3.0,,False,,,FORSA
2003-04-16,44.0,33.0,11.0,6.0,3.0,3.0,2512.0,False,,,FORSA
2003-04-23,45.0,30.0,11.0,7.0,4.0,3.0,2002.0,False,,,FORSA
2003-04-29,46.0,29.0,11.0,6.0,5.0,3.0,2006.0,False,,,FORSA
2003-05-06,48.0,27.0,12.0,6.0,4.0,3.0,2002.0,False,,,FORSA
2003-05-13,49.0,26.0,12.0,6.0,4.0,3.0,1003.0,False,,,FORSA
2003-05-20,48.0,26.0,12.0,7.0,4.0,3.0,2502.0,False,,,FORSA
2003-05-27,49.0,25.0,12.0,7.0,4.0,3.0,2505.0,False,,,FORSA
2003-06-03,45.0,30.0,10.0,8.0,4.0,3.0,1021.0,False,,,FORSA
2003-06-10,45.0,30.0,11.0,7.0,4.0,3.0,2506.0,False,,,FORSA
2003-06-17,46.0,30.0,12.0,6.0,3.0,3.0,2002.0,False,,,FORSA
2003-06-24,45.0,31.0,12.0,6.0,3.0,3.0,2511.0,False,,,FORSA
2003-07-02,45.0,32.0,10.0,6.0,4.0,3.0,1005.0,False,,,FORSA
2003-07-08,44.0,32.0,10.0,7.0,4.0,3.0,2503.0,False,,,FORSA
2003-07-15,45.0,32.0,11.0,6.0,3.0,3.0,2505.0,False,,,FORSA
2003-07-22,44.0,32.0,10.0,7.0,4.0,3.0,2503.0,False,,,FORSA
2003-07-29,45.0,31.0,11.0,7.0,3.0,3.0,2506.0,False,,,FORSA
2003-08-05,46.0,31.0,10.0,6.0,4.0,3.0,2508.0,False,,,FORSA
2003-08-12,45.0,30.0,11.0,7.0,4.0,3.0,2496.0,False,,,FORSA
2003-08-19,43.0,30.0,11.0,8.0,4.0,4.0,2507.0,False,,,FORSA
2003-08-26,44.0,30.0,11.0,7.0,4.0,4.0,2501.0,False,,,FORSA
2003-09-02,44.0,30.0,11.0,7.0,4.0,4.0,2509.0,False,,,FORSA
2003-09-09,45.0,30.0,12.0,7.0,3.0,3.0,2506.0,False,,,FORSA
2003-09-16,46.0,30.0,11.0,7.0,3.0,3.0,2536.0,False,,,FORSA
2003-09-23,47.0,28.0,11.0,7.0,3.0,4.0,2502.0,False,,,FORSA
2003-09-30,50.0,26.0,12.0,6.0,3.0,3.0,2516.0,False,,,FORSA
2003-10-07,50.0,26.0,11.0,6.0,4.0,3.0,2005.0,False,,,FORSA
2003-10-14,51.0,25.0,11.0,6.0,4.0,3.0,2509.0,False,,,FORSA
2003-10-21,51.0,25.0,11.0,6.0,4.0,3.0,2499.0,False,,,FORSA
2003-10-28,51.0,24.0,11.0,7.0,4.0,3.0,2502.0,False,,,FORSA
2003-11-05,51.0,23.0,11.0,6.0,5.0,4.0,2504.0,False,,,FORSA
2003-11-11,49.0,25.0,11.0,6.0,5.0,4.0,2502.0,False,,,FORSA
2003-11-18,48.0,25.0,11.0,7.0,5.0,4.0,2501.0,False,,,FORSA
2003-11-25,47.0,26.0,11.0,7.0,5.0,4.0,2507.0,False,,,FORSA
2003-12-02,48.0,26.0,11.0,7.0,4.0,4.0,2503.0,False,,,FORSA
2003-12-09,48.0,26.0,11.0,6.0,5.0,4.0,2507.0,False,,,FORSA
2003-12-16,47.0,27.0,11.0,7.0,5.0,3.0,2501.0,False,,,FORSA
2003-12-22,49.0,28.0,10.0,6.0,4.0,3.0,2502.0,False,,,FORSA
2003-12-31,49.0,27.0,11.0,6.0,4.0,3.0,1009.0,False,,,FORSA
2004-01-06,48.0,28.0,10.0,6.0,4.0,4.0,1002.0,False,,,FORSA
2004-01-13,48.0,27.0,11.0,6.0,5.0,3.0,2505.0,False,,,FORSA
2004-01-20,49.0,26.0,10.0,7.0,4.0,4.0,2515.0,False,,,FORSA
2004-01-27,50.0,24.0,9.0,8.0,5.0,4.0,2505.0,False,,,FORSA
2004-02-03,49.0,24.0,10.0,8.0,5.0,4.0,2506.0,False,,,FORSA
2004-02-10,47.0,26.0,11.0,8.0,4.0,4.0,1004.0,False,,,FORSA
2004-02-17,47.0,26.0,11.0,7.0,5.0,4.0,2534.0,False,,,FORSA
2004-02-24,47.0,26.0,11.0,7.0,5.0,4.0,2507.0,False,,,FORSA
2004-03-02,47.0,26.0,12.0,8.0,4.0,3.0,2509.0,False,,,FORSA
2004-03-09,49.0,25.0,12.0,6.0,4.0,4.0,2514.0,False,,,FORSA
2004-03-16,49.0,25.0,12.0,6.0,5.0,3.0,2508.0,False,,,FORSA
2004-03-23,48.0,26.0,12.0,6.0,5.0,3.0,2504.0,False,,,FORSA
2004-03-30,47.0,27.0,11.0,6.0,5.0,4.0,2509.0,False,,,FORSA
2004-04-06,47.0,27.0,11.0,6.0,5.0,4.0,2507.0,False,,,FORSA
2004-04-13,47.0,28.0,11.0,6.0,5.0,3.0,2005.0,False,,,FORSA
2004-04-20,47.0,27.0,11.0,6.0,5.0,4.0,2007.0,False,,,FORSA
2004-04-27,47.0,27.0,12.0,6.0,4.0,4.0,2509.0,False,,,FORSA
2004-05-04,46.0,27.0,11.0,7.0,5.0,4.0,2502.0,False,,,FORSA
2004-05-11,46.0,27.0,11.0,7.0,5.0,4.0,2501.0,False,,,FORSA
2004-05-18,47.0,26.0,12.0,6.0,5.0,4.0,2507.0,False,,,FORSA
2004-05-25,46.0,26.0,12.0,7.0,5.0,4.0,2007.0,False,,,FORSA
2004-06-01,48.0,27.0,10.0,7.0,4.0,4.0,2502.0,False,,,FORSA
2004-06-08,46.0,28.0,11.0,7.0,5.0,3.0,2001.0,False,,,FORSA
2004-06-15,45.0,27.0,12.0,7.0,5.0,4.0,2502.0,False,,,FORSA
2004-06-22,45.0,24.0,13.0,8.0,6.0,4.0,2501.0,False,,,FORSA
2004-06-29,45.0,24.0,12.0,8.0,6.0,5.0,2500.0,False,,,FORSA
2004-07-06,45.0,24.0,12.0,9.0,6.0,4.0,2506.0,False,,,FORSA
2004-07-13,46.0,23.0,12.0,8.0,6.0,5.0,2507.0,False,,,FORSA
2004-07-20,44.0,25.0,13.0,7.0,6.0,5.0,2503.0,False,,,FORSA
2004-07-27,43.0,26.0,13.0,7.0,6.0,5.0,2504.0,False,,,FORSA
2004-08-03,44.0,25.0,13.0,7.0,6.0,5.0,2510.0,False,,,FORSA
2004-08-10,43.0,26.0,13.0,8.0,6.0,4.0,2504.0,False,,,FORSA
2004-08-17,43.0,24.0,13.0,8.0,7.0,5.0,2500.0,False,,,FORSA
2004-08-24,42.0,26.0,13.0,8.0,7.0,4.0,2503.0,False,,,FORSA
2004-08-31,42.0,26.0,12.0,8.0,7.0,5.0,2504.0,False,,,FORSA
2004-09-07,41.0,27.0,13.0,8.0,6.0,5.0,2506.0,False,,,FORSA
2004-09-14,41.0,27.0,12.0,8.0,7.0,5.0,2503.0,False,,,FORSA
2004-09-21,41.0,28.0,11.0,8.0,7.0,5.0,2501.0,False,,,FORSA
2004-09-28,39.0,29.0,12.0,8.0,7.0,5.0,2501.0,False,,,FORSA
2004-10-05,40.0,29.0,12.0,8.0,6.0,5.0,2509.0,False,,,FORSA
2004-10-13,39.0,31.0,11.0,8.0,6.0,5.0,2503.0,False,,,FORSA
2004-10-19,38.0,33.0,11.0,8.0,5.0,5.0,2508.0,False,,,FORSA
2004-10-26,38.0,33.0,12.0,8.0,4.0,5.0,2507.0,False,,,FORSA
2004-11-02,38.0,33.0,11.0,8.0,5.0,5.0,2502.0,False,,,FORSA
2004-11-09,39.0,32.0,11.0,8.0,5.0,5.0,2508.0,False,,,FORSA
2004-11-16,40.0,31.0,11.0,8.0,5.0,5.0,2499.0,False,,,FORSA
2004-11-23,38.0,31.0,11.0,9.0,6.0,5.0,2504.0,False,,,FORSA
2004-11-30,38.0,32.0,12.0,8.0,5.0,5.0,2503.0,False,,,FORSA
2004-12-07,38.0,33.0,11.0,8.0,6.0,4.0,2500.0,False,,,FORSA
2004-12-14,39.0,32.0,11.0,8.0,5.0,5.0,2507.0,False,,,FORSA
2004-12-21,40.0,33.0,10.0,7.0,5.0,5.0,2506.0,False,,,FORSA
2004-12-28,38.0,34.0,10.0,8.0,5.0,5.0,2007.0,False,,,FORSA
2005-01-04,38.0,34.0,10.0,8.0,5.0,5.0,2005.0,False,,,FORSA
2005-01-11,38.0,35.0,10.0,7.0,5.0,5.0,2501.0,False,,,FORSA
2005-01-19,38.0,35.0,10.0,8.0,5.0,4.0,2502.0,False,,,FORSA
2005-01-26,37.0,35.0,11.0,8.0,4.0,5.0,2499.0,False,,,FORSA
2005-02-02,37.0,35.0,11.0,8.0,4.0,5.0,2503.0,False,,,FORSA
2005-02-09,40.0,34.0,10.0,7.0,4.0,5.0,2501.0,False,,,FORSA
2005-02-15,40.0,33.0,10.0,8.0,4.0,5.0,2502.0,False,,,FORSA
2005-02-23,40.0,34.0,9.0,7.0,4.0,6.0,2502.0,False,,,FORSA
2005-03-02,42.0,32.0,8.0,7.0,5.0,6.0,2500.0,False,,,FORSA
2005-03-09,43.0,31.0,8.0,7.0,5.0,6.0,2503.0,False,,,FORSA
2005-03-16,44.0,31.0,8.0,7.0,4.0,6.0,2502.0,False,,,FORSA
2005-03-22,46.0,29.0,9.0,7.0,4.0,5.0,2505.0,False,,,FORSA
2005-03-29,46.0,28.0,8.0,8.0,5.0,5.0,2008.0,False,,,FORSA
2005-04-06,46.0,28.0,8.0,8.0,5.0,5.0,2002.0,False,,,FORSA
2005-04-13,46.0,28.0,8.0,7.0,5.0,6.0,2504.0,False,,,FORSA
2005-04-20,46.0,28.0,9.0,7.0,5.0,5.0,2503.0,False,,,FORSA
2005-04-27,46.0,28.0,8.0,7.0,5.0,6.0,2503.0,False,,,FORSA
2005-05-03,45.0,29.0,8.0,8.0,5.0,5.0,2502.0,False,,,FORSA
2005-05-11,45.0,28.0,8.0,8.0,5.0,6.0,2002.0,False,,,FORSA
2005-05-18,46.0,28.0,8.0,9.0,4.0,5.0,2506.0,False,,,FORSA
2005-05-24,45.0,28.0,8.0,9.0,5.0,5.0,2003.0,False,,,FORSA
2005-06-01,49.0,28.0,8.0,7.0,4.0,4.0,2501.0,False,,,FORSA
2005-06-08,49.0,28.0,8.0,6.0,5.0,4.0,2504.0,False,,,FORSA
2005-06-15,49.0,27.0,7.0,7.0,5.0,5.0,1101.0,False,,,FORSA
2005-06-22,49.0,26.0,7.0,6.0,9.0,3.0,2501.0,False,,,FORSA
2005-06-28,47.0,26.0,7.0,6.0,11.0,3.0,2504.0,False,,,FORSA
2005-07-06,47.0,26.0,7.0,6.0,10.0,4.0,2501.0,False,,,FORSA
2005-07-13,46.0,27.0,7.0,7.0,10.0,3.0,2503.0,False,,,FORSA
2005-07-20,44.0,27.0,8.0,7.0,11.0,3.0,2505.0,False,,,FORSA
2005-07-27,44.0,27.0,8.0,7.0,11.0,3.0,2504.0,False,,,FORSA
2005-08-03,45.0,26.0,7.0,7.0,12.0,3.0,2507.0,False,,,FORSA
2005-08-10,42.0,28.0,7.0,7.0,12.0,4.0,2501.0,False,,,FORSA
2005-08-13,43.0,29.0,7.0,7.0,10.0,4.0,2503.0,False,,,FORSA
2005-08-22,43.0,29.0,7.0,8.0,9.0,4.0,2508.0,False,,,FORSA
2005-08-29,43.0,30.0,7.0,8.0,8.0,4.0,2501.0,False,,,FORSA
2005-09-03,43.0,31.0,7.0,7.0,9.0,3.0,2507.0,False,,,FORSA
2005-09-07,42.0,34.0,7.0,6.0,8.0,3.0,1030.0,False,,,FORSA
2005-09-12,42.0,35.0,7.0,6.0,7.0,3.0,2504.0,False,,,FORSA
2005-09-16,42.0,33.0,6.5,7.5,7.5,,2004.0,False,,,FORSA
2005-09-18,35.2,34.2,8.1,9.8,8.7,3.9,,True,,,FORSA
2005-09-28,36.0,34.0,8.0,11.0,8.0,3.0,2501.0,False,,,FORSA
2005-10-05,36.0,34.0,8.0,11.0,8.0,3.0,2501.0,False,,,FORSA
2005-10-12,36.0,34.0,8.0,10.0,9.0,3.0,2001.0,False,,,FORSA
2005-10-19,35.0,34.0,9.0,10.0,8.0,4.0,2006.0,False,,,FORSA
2005-10-26,36.0,33.0,9.0,10.0,9.0,3.0,2502.0,False,,,FORSA
2005-11-02,35.0,34.0,8.0,11.0,8.0,4.0,2499.0,False,,,FORSA
2005-11-08,34.0,32.0,9.0,12.0,9.0,4.0,2497.0,False,,,FORSA
2005-11-15,32.0,33.0,9.0,12.0,9.0,5.0,2506.0,False,,,FORSA
2005-11-23,33.0,33.0,8.0,12.0,10.0,4.0,2502.0,False,,,FORSA
2005-11-30,35.0,31.0,9.0,12.0,9.0,4.0,2501.0,False,,,FORSA
2005-12-07,34.0,33.0,9.0,11.0,9.0,4.0,2506.0,False,,,FORSA
2005-12-14,36.0,31.0,8.0,12.0,9.0,4.0,2502.0,False,,,FORSA
2005-12-21,36.0,32.0,8.0,11.0,9.0,4.0,2498.0,False,,,FORSA
2005-12-28,37.0,32.0,8.0,11.0,8.0,4.0,2500.0,False,,,FORSA
2006-01-04,37.0,32.0,9.0,10.0,8.0,4.0,1008.0,False,,,FORSA
2006-01-11,37.0,31.0,8.0,11.0,8.0,5.0,2502.0,False,,,FORSA
2006-01-18,38.0,31.0,7.0,12.0,8.0,4.0,2505.0,False,,,FORSA
2006-01-25,39.0,31.0,8.0,10.0,8.0,4.0,2501.0,False,,,FORSA
2006-02-01,41.0,31.0,8.0,8.0,8.0,4.0,2500.0,False,,,FORSA
2006-02-08,41.0,30.0,8.0,9.0,8.0,4.0,2501.0,False,,,FORSA
2006-02-15,40.0,29.0,9.0,9.0,8.0,5.0,2501.0,False,,,FORSA
2006-02-22,39.0,28.0,9.0,10.0,9.0,5.0,2500.0,False,,,FORSA
2006-03-01,39.0,28.0,9.0,10.0,9.0,5.0,2501.0,False,,,FORSA
2006-03-08,41.0,27.0,9.0,10.0,8.0,5.0,2502.0,False,,,FORSA
2006-03-15,40.0,27.0,9.0,11.0,9.0,4.0,2501.0,False,,,FORSA
2006-03-22,39.0,28.0,9.0,11.0,9.0,4.0,2505.0,False,,,FORSA
2006-03-29,38.0,28.0,9.0,11.0,9.0,5.0,2508.0,False,,,FORSA
2006-04-05,39.0,27.0,10.0,10.0,9.0,5.0,2504.0,False,,,FORSA
2006-04-11,39.0,28.0,10.0,10.0,9.0,4.0,2499.0,False,,,FORSA
2006-04-19,39.0,29.0,9.0,10.0,9.0,4.0,2003.0,False,,,FORSA
2006-04-26,37.0,29.0,9.0,11.0,9.0,5.0,2505.0,False,,,FORSA
2006-05-03,39.0,29.0,10.0,9.0,8.0,5.0,2499.0,False,,,FORSA
2006-05-10,39.0,29.0,9.0,9.0,9.0,5.0,2002.0,False,,,FORSA
2006-05-17,38.0,27.0,9.0,11.0,10.0,5.0,2497.0,False,,,FORSA
2006-05-23,35.0,28.0,9.0,13.0,10.0,5.0,2499.0,False,,,FORSA
2006-05-31,34.0,28.0,9.0,13.0,10.0,6.0,2003.0,False,,,FORSA
2006-06-07,35.0,27.0,9.0,13.0,10.0,6.0,2501.0,False,,,FORSA
2006-06-13,35.0,28.0,9.0,12.0,10.0,6.0,2001.0,False,,,FORSA
2006-06-21,34.0,29.0,10.0,12.0,10.0,5.0,2500.0,False,,,FORSA
2006-06-28,33.0,30.0,9.0,13.0,10.0,5.0,2502.0,False,,,FORSA
2006-07-05,33.0,28.0,10.0,13.0,10.0,6.0,2506.0,False,,,FORSA
2006-07-12,32.0,28.0,10.0,14.0,10.0,6.0,2501.0,False,,,FORSA
2006-07-19,33.0,28.0,10.0,14.0,10.0,5.0,2499.0,False,,,FORSA
2006-07-26,33.0,29.0,9.0,14.0,10.0,5.0,2501.0,False,,,FORSA
2006-08-02,31.0,29.0,10.0,14.0,10.0,6.0,2505.0,False,,,FORSA
2006-08-09,32.0,29.0,10.0,13.0,10.0,6.0,2503.0,False,,,FORSA
2006-08-16,31.0,30.0,10.0,14.0,10.0,5.0,2501.0,False,,,FORSA
2006-08-23,31.0,29.0,10.0,15.0,9.0,6.0,2500.0,False,,,FORSA
2006-08-30,30.0,29.0,10.0,14.0,12.0,5.0,2501.0,False,,,FORSA
2006-09-06,30.0,29.0,10.0,14.0,11.0,6.0,2499.0,False,,,FORSA
2006-09-13,30.0,28.0,10.0,15.0,10.0,7.0,2201.0,False,,,FORSA
2006-09-20,32.0,27.0,10.0,15.0,10.0,6.0,2500.0,False,,,FORSA
2006-09-25,29.0,30.0,9.0,15.0,10.0,7.0,2499.0,False,,,FORSA
2006-10-04,29.0,30.0,10.0,15.0,10.0,6.0,2502.0,False,,,FORSA
2006-10-11,29.0,30.0,10.0,15.0,10.0,6.0,2001.0,False,,,FORSA
2006-10-18,30.0,32.0,10.0,14.0,9.0,5.0,2499.0,False,,,FORSA
2006-10-25,30.0,29.0,11.0,14.0,10.0,6.0,2503.0,False,,,FORSA
2006-11-01,28.0,29.0,11.0,15.0,11.0,6.0,2509.0,False,,,FORSA
2006-11-08,30.0,30.0,9.0,14.0,11.0,6.0,2501.0,False,,,FORSA
2006-11-15,29.0,29.0,10.0,15.0,11.0,6.0,2503.0,False,,,FORSA
2006-11-22,29.0,29.0,11.0,15.0,10.0,6.0,2502.0,False,,,FORSA
2006-11-29,32.0,28.0,11.0,12.0,11.0,6.0,2504.0,False,,,FORSA
2006-12-06,33.0,26.0,11.0,13.0,11.0,6.0,2509.0,False,,,FORSA
2006-12-13,32.0,27.0,11.0,14.0,10.0,6.0,2505.0,False,,,FORSA
2006-12-20,31.0,29.0,10.0,14.0,10.0,6.0,2498.0,False,,,FORSA
2006-12-27,33.0,28.0,11.0,13.0,9.0,6.0,2501.0,False,,,FORSA
2007-01-03,32.0,27.0,11.0,14.0,10.0,6.0,1502.0,False,,,FORSA
2007-01-10,35.0,26.0,10.0,13.0,10.0,6.0,2007.0,False,,,FORSA
2007-01-17,33.0,28.0,11.0,14.0,8.0,6.0,2501.0,False,,,FORSA
2007-01-24,34.0,27.0,10.0,14.0,9.0,6.0,2503.0,False,,,FORSA
2007-01-31,33.0,27.0,11.0,14.0,9.0,6.0,2501.0,False,,,FORSA
2007-02-06,34.0,28.0,11.0,12.0,9.0,6.0,2501.0,False,,,FORSA
2007-02-14,35.0,26.0,11.0,13.0,9.0,6.0,2507.0,False,,,FORSA
2007-02-21,34.0,26.0,12.0,12.0,10.0,6.0,2504.0,False,,,FORSA
2007-02-28,33.0,29.0,11.0,12.0,9.0,6.0,2502.0,False,,,FORSA
2007-03-07,35.0,25.0,11.0,13.0,10.0,6.0,2502.0,False,,,FORSA
2007-03-14,34.0,26.0,12.0,12.0,10.0,6.0,2509.0,False,,,FORSA
2007-03-21,35.0,27.0,11.0,11.0,10.0,6.0,2498.0,False,,,FORSA
2007-03-28,35.0,26.0,12.0,12.0,9.0,6.0,2508.0,False,,,FORSA
2007-04-03,35.0,28.0,10.0,11.0,10.0,6.0,2505.0,False,,,FORSA
2007-04-11,36.0,26.0,11.0,11.0,10.0,6.0,2004.0,False,,,FORSA
2007-04-18,37.0,26.0,10.0,12.0,10.0,5.0,2004.0,False,,,FORSA
2007-04-25,34.0,27.0,11.0,11.0,11.0,6.0,2500.0,False,,,FORSA
2007-04-30,37.0,26.0,10.0,11.0,11.0,5.0,2503.0,False,,,FORSA
2007-05-09,37.0,26.0,10.0,12.0,10.0,5.0,2001.0,False,,,FORSA
2007-05-15,37.0,28.0,10.0,11.0,9.0,5.0,2501.0,False,,,FORSA
2007-05-23,38.0,27.0,10.0,10.0,10.0,5.0,2002.0,False,,,FORSA
2007-05-30,36.0,26.0,11.0,10.0,12.0,5.0,2503.0,False,,,FORSA
2007-06-05,36.0,27.0,11.0,9.0,12.0,5.0,2002.0,False,,,FORSA
2007-06-13,38.0,27.0,11.0,8.0,11.0,5.0,2501.0,False,,,FORSA
2007-06-20,37.0,25.0,10.0,10.0,12.0,6.0,2501.0,False,,,FORSA
2007-06-23,39.0,24.0,10.0,10.0,13.0,4.0,2501.0,False,,,FORSA
2007-07-04,37.0,24.0,10.0,10.0,14.0,5.0,2503.0,False,,,FORSA
2007-07-11,39.0,24.0,10.0,9.0,13.0,5.0,2501.0,False,,,FORSA
2007-07-18,38.0,24.0,10.0,10.0,13.0,5.0,2501.0,False,,,FORSA
2007-07-25,38.0,25.0,10.0,9.0,13.0,5.0,2501.0,False,,,FORSA
2007-08-01,38.0,25.0,10.0,9.0,13.0,5.0,2501.0,False,,,FORSA
2007-08-08,36.0,25.0,9.0,11.0,13.0,6.0,2502.0,False,,,FORSA
2007-08-15,38.0,24.0,10.0,10.0,13.0,5.0,2502.0,False,,,FORSA
2007-08-22,37.0,26.0,9.0,11.0,12.0,5.0,2500.0,False,,,FORSA
2007-08-29,38.0,26.0,10.0,9.0,12.0,5.0,2501.0,False,,,FORSA
2007-09-05,38.0,26.0,10.0,9.0,12.0,5.0,2500.0,False,,,FORSA
2007-09-12,40.0,25.0,10.0,8.0,11.0,6.0,2501.0,False,,,FORSA
2007-09-19,40.0,25.0,9.0,8.0,12.0,6.0,2501.0,False,,,FORSA
2007-09-26,39.0,26.0,10.0,9.0,11.0,5.0,2502.0,False,,,FORSA
2007-10-03,39.0,25.0,10.0,9.0,12.0,5.0,2501.0,False,,,FORSA
2007-10-10,39.0,24.0,9.0,9.0,13.0,6.0,2002.0,False,,,FORSA
2007-10-17,40.0,25.0,10.0,9.0,11.0,5.0,2502.0,False,,,FORSA
2007-10-24,39.0,26.0,9.0,10.0,11.0,5.0,2502.0,False,,,FORSA
2007-10-29,39.0,26.0,10.0,9.0,11.0,5.0,2503.0,False,,,FORSA
2007-11-07,40.0,26.0,10.0,8.0,11.0,5.0,2502.0,False,,,FORSA
2007-11-14,39.0,26.0,8.0,10.0,12.0,5.0,2503.0,False,,,FORSA
2007-11-21,40.0,24.0,9.0,9.0,12.0,6.0,2501.0,False,,,FORSA
2007-11-28,39.0,26.0,8.0,10.0,12.0,5.0,2500.0,False,,,FORSA
2007-12-05,39.0,27.0,9.0,10.0,10.0,5.0,2500.0,False,,,FORSA
2007-12-12,39.0,26.0,9.0,10.0,11.0,5.0,2501.0,False,,,FORSA
2007-12-19,38.0,26.0,10.0,10.0,11.0,5.0,2503.0,False,,,FORSA
2007-12-26,38.0,26.0,10.0,10.0,11.0,5.0,2501.0,False,,,FORSA
2009-01-07,37.0,23.0,10.0,13.0,11.0,6.0,1003.0,False,,,FORSA
2009-01-14,36.0,25.0,9.0,13.0,11.0,6.0,2502.0,False,,,FORSA
2009-01-21,36.0,24.0,9.0,14.0,11.0,6.0,2500.0,False,,,FORSA
2009-01-28,35.0,22.0,10.0,16.0,12.0,5.0,2503.0,False,,,FORSA
2009-02-04,34.0,23.0,11.0,16.0,11.0,5.0,2501.0,False,,,FORSA
2009-02-11,34.0,23.0,10.0,18.0,11.0,4.0,2500.0,False,,,FORSA
2009-02-18,34.0,22.0,10.0,18.0,12.0,4.0,2502.0,False,,,FORSA
2009-02-25,34.0,23.0,10.0,18.0,11.0,4.0,2506.0,False,,,FORSA
2009-03-04,33.0,24.0,11.0,17.0,11.0,4.0,2503.0,False,,,FORSA
2009-03-11,34.0,25.0,9.0,17.0,11.0,4.0,2500.0,False,,,FORSA
2009-03-18,33.0,24.0,10.0,17.0,11.0,5.0,2501.0,False,,,FORSA
2009-03-25,34.0,24.0,10.0,16.0,11.0,5.0,2504.0,False,,,FORSA
2009-04-01,34.0,25.0,10.0,17.0,10.0,4.0,2505.0,False,,,FORSA
2009-04-07,36.0,24.0,10.0,16.0,10.0,4.0,2501.0,False,,,FORSA
2009-04-15,35.0,24.0,10.0,16.0,11.0,4.0,2000.0,False,,,FORSA
2009-04-22,35.0,23.0,10.0,16.0,11.0,5.0,2001.0,False,,,FORSA
2009-04-29,36.0,25.0,9.0,15.0,9.0,6.0,2501.0,False,,,FORSA
2009-05-06,35.0,25.0,9.0,16.0,10.0,5.0,2001.0,False,,,FORSA
2009-05-13,36.0,26.0,9.0,14.0,10.0,5.0,2501.0,False,,,FORSA
2009-05-19,36.0,24.0,11.0,14.0,10.0,5.0,2502.0,False,,,FORSA
2009-05-27,35.0,24.0,11.0,15.0,10.0,5.0,2001.0,False,,,FORSA
2009-06-03,35.0,24.0,11.0,15.0,10.0,5.0,2502.0,False,,,FORSA
2009-06-09,36.0,24.0,11.0,14.0,10.0,5.0,2008.0,False,,,FORSA
2009-06-17,35.0,21.0,13.0,15.0,11.0,5.0,2501.0,False,,,FORSA
2009-06-24,36.0,22.0,12.0,15.0,10.0,5.0,2503.0,False,,,FORSA
2009-07-01,36.0,21.0,12.0,15.0,11.0,5.0,2500.0,False,,,FORSA
2009-07-08,37.0,21.0,13.0,15.0,9.0,5.0,2504.0,False,,,FORSA
2009-07-15,36.0,23.0,12.0,14.0,10.0,5.0,2501.0,False,,,FORSA
2009-07-22,36.0,23.0,12.0,14.0,10.0,5.0,2507.0,False,,,FORSA
2009-07-29,38.0,23.0,12.0,13.0,9.0,5.0,2502.0,False,,,FORSA
2009-08-05,37.0,20.0,13.0,14.0,11.0,5.0,2502.0,False,,,FORSA
2009-08-12,38.0,21.0,12.0,13.0,11.0,5.0,2501.0,False,,,FORSA
2009-08-19,37.0,22.0,12.0,13.0,11.0,5.0,2506.0,False,,,FORSA
2009-08-26,37.0,22.0,12.0,13.0,10.0,6.0,2504.0,False,,,FORSA
2009-09-02,36.0,22.0,12.0,14.0,10.0,6.0,2502.0,False,,,FORSA
2009-09-09,35.0,21.0,10.0,14.0,14.0,6.0,2504.0,False,,,FORSA
2009-09-16,35.0,22.0,11.0,13.0,13.0,6.0,2506.0,False,,,FORSA
2009-09-16,37.0,24.0,11.0,12.0,10.0,6.0,1008.0,False,,,FORSA
2009-09-23,35.0,26.0,11.0,13.0,10.0,5.0,2503.0,False,,,FORSA
2009-09-25,33.0,25.0,10.0,14.0,12.0,6.0,2001.0,False,,,FORSA
2009-09-27,33.8,23.0,10.7,14.6,11.9,4.0,,True,,,FORSA
2009-10-07,35.0,22.0,10.0,14.0,13.0,6.0,2501.0,False,,,FORSA
2009-10-14,34.0,20.0,11.0,16.0,13.0,6.0,2504.0,False,,,FORSA
2009-10-21,35.0,20.0,10.0,16.0,13.0,6.0,2502.0,False,,,FORSA
2009-10-28,35.0,20.0,12.0,15.0,12.0,6.0,2503.0,False,,,FORSA
2009-11-04,36.0,21.0,12.0,12.0,12.0,7.0,2503.0,False,,,FORSA
2009-11-11,36.0,20.0,12.0,13.0,12.0,7.0,2500.0,False,,,FORSA
2009-11-18,36.0,20.0,12.0,13.0,12.0,7.0,2500.0,False,,,FORSA
2009-11-25,37.0,19.0,13.0,12.0,12.0,7.0,2503.0,False,,,FORSA
2009-12-02,37.0,20.0,13.0,12.0,11.0,7.0,2503.0,False,,,FORSA
2009-12-09,36.0,20.0,13.0,12.0,12.0,7.0,2501.0,False,,,FORSA
2009-12-16,37.0,19.0,13.0,11.0,12.0,8.0,2500.0,False,,,FORSA
2009-12-21,35.0,21.0,13.0,12.0,11.0,8.0,2500.0,False,,,FORSA
2009-12-28,35.0,22.0,12.0,12.0,12.0,7.0,1004.0,False,,,FORSA
2010-01-06,35.0,22.0,13.0,12.0,11.0,7.0,1502.0,False,,,FORSA
2010-01-13,35.0,22.0,14.0,10.0,11.0,8.0,2501.0,False,,,FORSA
2010-01-20,35.0,21.0,15.0,11.0,11.0,7.0,2500.0,False,,,FORSA
2010-01-27,36.0,21.0,16.0,9.0,11.0,7.0,2502.0,False,,,FORSA
2010-02-03,36.0,22.0,16.0,9.0,11.0,6.0,2505.0,False,,,FORSA
2010-02-10,34.0,22.0,17.0,8.0,11.0,8.0,2501.0,False,,,FORSA
2010-02-17,35.0,22.0,17.0,7.0,12.0,7.0,2503.0,False,,,FORSA
2010-02-24,35.0,22.0,16.0,8.0,12.0,7.0,2500.0,False,,,FORSA
2010-03-03,35.0,22.0,16.0,9.0,11.0,7.0,2503.0,False,,,FORSA
2010-03-10,33.0,23.0,16.0,8.0,12.0,8.0,2502.0,False,,,FORSA
2010-03-17,34.0,23.0,16.0,8.0,11.0,8.0,2501.0,False,,,FORSA
2010-03-24,32.0,25.0,15.0,8.0,12.0,8.0,2502.0,False,,,FORSA
2010-03-30,34.0,25.0,14.0,7.0,12.0,8.0,2501.0,False,,,FORSA
2010-04-07,34.0,24.0,15.0,7.0,12.0,8.0,2002.0,False,,,FORSA
2010-04-14,36.0,23.0,15.0,8.0,11.0,7.0,2001.0,False,,,FORSA
2010-04-21,36.0,24.0,15.0,8.0,10.0,7.0,2501.0,False,,,FORSA
2010-04-28,36.0,24.0,14.0,8.0,11.0,7.0,2500.0,False,,,FORSA
2010-05-05,34.0,25.0,16.0,8.0,10.0,7.0,2501.0,False,,,FORSA
2010-05-11,35.0,24.0,15.0,7.0,12.0,7.0,2503.0,False,,,FORSA
2010-05-19,32.0,27.0,16.0,6.0,11.0,8.0,2001.0,False,,,FORSA
2010-05-26,32.0,26.0,16.0,7.0,12.0,7.0,2504.0,False,,,FORSA
2010-06-01,30.0,26.0,16.0,7.0,13.0,8.0,2003.0,False,,,FORSA
2010-06-09,32.0,26.0,18.0,5.0,12.0,7.0,2501.0,False,,,FORSA
2010-06-16,31.0,26.0,18.0,6.0,11.0,8.0,2501.0,False,,,FORSA
2010-06-23,30.0,27.0,18.0,5.0,12.0,8.0,2504.0,False,,,FORSA
2010-06-29,32.0,27.0,18.0,4.0,11.0,8.0,2500.0,False,,,FORSA
2010-07-07,31.0,27.0,18.0,4.0,12.0,8.0,2501.0,False,,,FORSA
2010-07-14,31.0,28.0,18.0,4.0,11.0,8.0,2501.0,False,,,FORSA
2010-07-21,30.0,28.0,19.0,4.0,11.0,8.0,2500.0,False,,,FORSA
2010-07-28,29.0,28.0,19.0,5.0,11.0,8.0,2502.0,False,,,FORSA
2010-08-04,30.0,28.0,18.0,5.0,11.0,8.0,2501.0,False,,,FORSA
2010-08-11,29.0,28.0,19.0,5.0,11.0,8.0,2501.0,False,,,FORSA
2010-08-18,30.0,27.0,20.0,4.0,11.0,8.0,2501.0,False,,,FORSA
2010-08-25,30.0,27.0,20.0,5.0,11.0,7.0,2501.0,False,,,FORSA
2010-09-01,31.0,27.0,19.0,6.0,9.0,8.0,2501.0,False,,,FORSA
2010-09-08,31.0,25.0,21.0,5.0,10.0,8.0,2503.0,False,,,FORSA
2010-09-15,30.0,24.0,22.0,5.0,11.0,8.0,2501.0,False,,,FORSA
2010-09-22,29.0,24.0,24.0,5.0,10.0,8.0,2501.0,False,,,FORSA
2010-09-29,30.0,25.0,23.0,5.0,10.0,7.0,2500.0,False,,,FORSA
2010-10-06,31.0,23.0,24.0,5.0,10.0,7.0,2501.0,False,,,FORSA
2010-10-13,29.0,23.0,25.0,4.0,12.0,7.0,2502.0,False,,,FORSA
2010-10-20,31.0,23.0,24.0,4.0,11.0,7.0,2510.0,False,,,FORSA
2010-10-27,30.0,23.0,24.0,5.0,11.0,7.0,2502.0,False,,,FORSA
2010-11-03,30.0,23.0,24.0,4.0,11.0,8.0,2501.0,False,,,FORSA
2010-11-10,32.0,23.0,23.0,5.0,10.0,7.0,2503.0,False,,,FORSA
2010-11-17,33.0,23.0,22.0,5.0,11.0,6.0,2503.0,False,,,FORSA
2010-11-24,34.0,22.0,22.0,5.0,10.0,7.0,2500.0,False,,,FORSA
2010-12-01,34.0,22.0,22.0,5.0,10.0,7.0,2501.0,False,,,FORSA
2010-12-08,34.0,23.0,21.0,4.0,10.0,8.0,2503.0,False,,,FORSA
2010-12-15,34.0,24.0,20.0,4.0,11.0,7.0,2500.0,False,,,FORSA
2010-12-21,35.0,24.0,19.0,3.0,11.0,8.0,2502.0,False,,,FORSA
2010-12-28,34.0,25.0,20.0,3.0,11.0,7.0,2004.0,False,,,FORSA
2011-01-04,34.0,24.0,20.0,4.0,11.0,7.0,2005.0,False,,,FORSA
2011-01-12,35.0,25.0,21.0,3.0,9.0,7.0,2503.0,False,,,FORSA
2011-01-19,36.0,24.0,20.0,4.0,9.0,7.0,2503.0,False,,,FORSA
2011-01-26,37.0,23.0,20.0,4.0,9.0,7.0,2502.0,False,,,FORSA
2011-02-02,36.0,22.0,21.0,5.0,9.0,7.0,2501.0,False,,,FORSA
2011-02-09,36.0,22.0,20.0,5.0,10.0,7.0,2507.0,False,,,FORSA
2011-02-16,36.0,22.0,19.0,5.0,11.0,7.0,2504.0,False,,,FORSA
2011-02-23,36.0,23.0,18.0,5.0,10.0,8.0,2501.0,False,,,FORSA
2011-03-02,34.0,27.0,16.0,5.0,10.0,8.0,2503.0,False,,,FORSA
2011-03-09,36.0,26.0,16.0,5.0,10.0,7.0,2501.0,False,,,FORSA
2011-03-16,36.0,26.0,15.0,6.0,10.0,7.0,2506.0,False,,,FORSA
2011-03-16,36.0,26.0,18.0,5.0,9.0,6.0,1004.0,False,,,FORSA
2011-03-23,33.0,25.0,20.0,5.0,9.0,8.0,2504.0,False,,,FORSA
2011-03-30,33.0,25.0,21.0,5.0,8.0,8.0,2503.0,False,,,FORSA
2011-04-06,30.0,23.0,28.0,3.0,9.0,7.0,2505.0,False,,,FORSA
2011-04-13,30.0,24.0,27.0,4.0,8.0,7.0,2501.0,False,,,FORSA
2011-04-19,31.0,23.0,28.0,3.0,8.0,7.0,2504.0,False,,,FORSA
2011-04-27,31.0,22.0,27.0,4.0,9.0,7.0,2005.0,False,,,FORSA
2011-05-04,31.0,21.0,28.0,4.0,8.0,8.0,2001.0,False,,,FORSA
2011-05-11,31.0,22.0,26.0,4.0,9.0,8.0,2003.0,False,,,FORSA
2011-05-18,32.0,22.0,26.0,3.0,9.0,8.0,2501.0,False,,,FORSA
2011-05-25,32.0,21.0,26.0,5.0,9.0,7.0,2502.0,False,,,FORSA
2011-05-31,30.0,24.0,26.0,4.0,8.0,8.0,2501.0,False,,,FORSA
2011-06-08,30.0,22.0,27.0,5.0,8.0,8.0,2003.0,False,,,FORSA
2011-06-15,31.0,23.0,26.0,4.0,9.0,7.0,2501.0,False,,,FORSA
2011-06-21,32.0,23.0,25.0,4.0,9.0,7.0,2008.0,False,,,FORSA
2011-06-29,32.0,23.0,24.0,5.0,9.0,7.0,2506.0,False,,,FORSA
2011-07-06,33.0,23.0,23.0,5.0,9.0,7.0,2500.0,False,,,FORSA
2011-07-13,31.0,24.0,23.0,4.0,10.0,8.0,2504.0,False,,,FORSA
2011-07-20,32.0,24.0,23.0,4.0,9.0,8.0,2506.0,False,,,FORSA
2011-07-27,33.0,25.0,22.0,3.0,10.0,7.0,2505.0,False,,,FORSA
2011-08-03,32.0,26.0,22.0,3.0,10.0,7.0,2501.0,False,,,FORSA
2011-08-10,32.0,27.0,21.0,3.0,9.0,8.0,2502.0,False,,,FORSA
2011-08-17,32.0,26.0,21.0,4.0,9.0,8.0,2501.0,False,,,FORSA
2011-08-24,32.0,26.0,21.0,5.0,8.0,8.0,2500.0,False,,,FORSA
2011-08-31,33.0,25.0,21.0,5.0,9.0,7.0,2500.0,False,,,FORSA
2011-09-07,32.0,27.0,19.0,4.0,9.0,9.0,2501.0,False,,,FORSA
2011-09-14,31.0,29.0,19.0,4.0,9.0,8.0,2500.0,False,,,FORSA
2011-09-21,31.0,28.0,20.0,3.0,9.0,9.0,2505.0,False,,,FORSA
2011-09-28,31.0,29.0,19.0,2.0,7.0,5.0,2501.0,False,,,FORSA
2011-10-05,31.0,28.0,17.0,3.0,7.0,6.0,2502.0,False,,,FORSA
2011-10-12,31.0,27.0,17.0,4.0,8.0,5.0,2003.0,False,,,FORSA
2011-10-19,31.0,26.0,16.0,3.0,8.0,6.0,2502.0,False,,,FORSA
2011-10-26,31.0,27.0,16.0,3.0,8.0,5.0,2504.0,False,,,FORSA
2011-11-02,32.0,28.0,16.0,3.0,8.0,4.0,2501.0,False,,,FORSA
2011-11-09,33.0,28.0,15.0,3.0,8.0,5.0,2501.0,False,,,FORSA
2011-11-16,34.0,26.0,15.0,2.0,9.0,5.0,2503.0,False,,,FORSA
2011-11-23,36.0,26.0,14.0,3.0,8.0,5.0,2505.0,False,,,FORSA
2011-11-30,35.0,25.0,16.0,3.0,9.0,5.0,2506.0,False,,,FORSA
2011-12-07,35.0,26.0,16.0,3.0,9.0,5.0,2501.0,False,,,FORSA
2011-12-14,35.0,28.0,14.0,3.0,8.0,5.0,2502.0,False,,,FORSA
2011-12-21,35.0,28.0,14.0,2.0,7.0,5.0,2500.0,False,,,FORSA
2011-12-28,35.0,28.0,14.0,3.0,8.0,5.0,2503.0,False,,,FORSA
2012-01-04,35.0,27.0,14.0,3.0,8.0,5.0,2003.0,False,,,FORSA
2012-01-11,36.0,26.0,16.0,2.0,7.0,5.0,2501.0,False,,,FORSA
2012-01-18,35.0,27.0,15.0,3.0,7.0,5.0,2500.0,False,,,FORSA
2012-01-25,36.0,27.0,15.0,3.0,7.0,5.0,2500.0,False,,,FORSA
2012-02-01,36.0,27.0,15.0,3.0,8.0,4.0,2502.0,False,,,FORSA
2012-02-08,38.0,27.0,13.0,3.0,8.0,4.0,2500.0,False,,,FORSA
2012-02-15,38.0,26.0,13.0,2.0,9.0,5.0,2503.0,False,,,FORSA
2012-02-22,38.0,25.0,15.0,2.0,8.0,4.0,2503.0,False,,,FORSA
2012-02-29,38.0,26.0,14.0,3.0,8.0,4.0,2502.0,False,,,FORSA
2012-03-07,37.0,26.0,15.0,3.0,8.0,4.0,2506.0,False,,,FORSA
2012-03-14,36.0,26.0,15.0,3.0,9.0,4.0,2506.0,False,,,FORSA
2012-03-21,36.0,26.0,15.0,3.0,9.0,5.0,2504.0,False,,,FORSA
2012-03-28,36.0,26.0,14.0,4.0,9.0,4.0,2503.0,False,,,FORSA
2012-04-01,35.0,25.0,13.0,3.0,9.0,3.0,2503.0,False,,,FORSA
2012-04-09,36.0,24.0,11.0,5.0,8.0,3.0,2007.0,False,,,FORSA
2012-04-18,35.0,25.0,12.0,5.0,7.0,3.0,2001.0,False,,,FORSA
2012-04-25,35.0,24.0,12.0,5.0,7.0,4.0,2505.0,False,,,FORSA
2012-05-02,36.0,25.0,12.0,4.0,8.0,4.0,2510.0,False,,,FORSA
2012-05-09,36.0,26.0,13.0,4.0,7.0,3.0,2001.0,False,,,FORSA
2012-05-15,35.0,26.0,13.0,5.0,6.0,3.0,2501.0,False,,,FORSA
2012-05-23,31.0,27.0,13.0,6.0,6.0,4.0,2002.0,False,,,FORSA
2012-05-30,32.0,27.0,13.0,5.0,6.0,5.0,2500.0,False,,,FORSA
2012-06-05,33.0,27.0,14.0,4.0,6.0,5.0,2000.0,False,,,FORSA
2012-06-13,32.0,27.0,14.0,5.0,7.0,5.0,2504.0,False,,,FORSA
2012-06-20,33.0,27.0,13.0,5.0,7.0,5.0,2501.0,False,,,FORSA
2012-06-27,34.0,27.0,13.0,4.0,7.0,5.0,2501.0,False,,,FORSA
2012-07-04,36.0,27.0,12.0,3.0,7.0,6.0,2506.0,False,,,FORSA
2012-07-11,36.0,26.0,13.0,4.0,7.0,5.0,2503.0,False,,,FORSA
2012-07-18,36.0,26.0,13.0,4.0,6.0,5.0,2501.0,False,,,FORSA
2012-07-25,36.0,27.0,12.0,4.0,7.0,5.0,2502.0,False,,,FORSA
2012-08-01,36.0,27.0,12.0,5.0,6.0,5.0,2501.0,False,,,FORSA
2012-08-08,36.0,26.0,13.0,5.0,6.0,5.0,2503.0,False,,,FORSA
2012-08-15,36.0,26.0,13.0,4.0,7.0,5.0,2501.0,False,,,FORSA
2012-08-22,36.0,27.0,13.0,5.0,8.0,4.0,2503.0,False,,,FORSA
2012-08-29,39.0,26.0,12.0,5.0,7.0,4.0,2506.0,False,,,FORSA
2012-09-05,39.0,26.0,13.0,4.0,7.0,4.0,2505.0,False,,,FORSA
2012-09-12,39.0,26.0,13.0,4.0,8.0,4.0,2502.0,False,,,FORSA
2012-09-19,38.0,26.0,12.0,5.0,8.0,5.0,2502.0,False,,,FORSA
2012-09-26,38.0,26.0,12.0,4.0,8.0,5.0,2503.0,False,,,FORSA
2012-10-02,37.0,27.0,12.0,4.0,8.0,5.0,2009.0,False,,,FORSA
2012-10-02,35.0,29.0,12.0,4.0,8.0,5.0,1000.0,False,,,FORSA
2012-10-10,36.0,30.0,12.0,4.0,7.0,5.0,2004.0,False,,,FORSA
2012-10-17,37.0,29.0,11.0,4.0,8.0,6.0,2500.0,False,,,FORSA
2012-10-24,38.0,27.0,12.0,3.0,9.0,6.0,2503.0,False,,,FORSA
2012-10-30,38.0,26.0,15.0,3.0,8.0,5.0,2506.0,False,,,FORSA
2012-11-07,37.0,26.0,15.0,3.0,8.0,6.0,2503.0,False,,,FORSA
2012-11-14,39.0,26.0,14.0,4.0,8.0,5.0,2500.0,False,,,FORSA
2012-11-21,36.0,26.0,16.0,4.0,8.0,5.0,2506.0,False,,,FORSA
2012-11-28,37.0,26.0,16.0,4.0,8.0,5.0,2504.0,False,,,FORSA
2012-12-05,37.0,26.0,16.0,4.0,7.0,6.0,2504.0,False,,,FORSA
2012-12-12,38.0,27.0,14.0,4.0,8.0,5.0,2505.0,False,,,FORSA
2012-12-19,38.0,27.0,14.0,5.0,8.0,5.0,2503.0,False,,,FORSA
2012-12-26,41.0,27.0,13.0,4.0,8.0,4.0,2500.0,False,,,FORSA
2013-01-09,42.0,25.0,15.0,2.0,9.0,4.0,1503.0,False,,,FORSA
2013-01-16,43.0,23.0,14.0,3.0,8.0,5.0,2507.0,False,,,FORSA
2013-01-23,42.0,23.0,14.0,4.0,8.0,5.0,2506.0,False,,,FORSA
2013-01-30,40.0,25.0,15.0,4.0,8.0,5.0,2504.0,False,,,FORSA
2013-02-06,41.0,25.0,15.0,4.0,7.0,5.0,2500.0,False,,,FORSA
2013-02-13,43.0,25.0,14.0,3.0,7.0,5.0,2505.0,False,,,FORSA
2013-02-20,43.0,24.0,15.0,3.0,7.0,5.0,2502.0,False,,,FORSA
2013-02-27,40.0,25.0,16.0,4.0,8.0,5.0,2501.0,False,,,FORSA
2013-03-06,40.0,25.0,15.0,4.0,8.0,5.0,2506.0,False,,,FORSA
2013-03-13,40.0,24.0,16.0,4.0,8.0,5.0,2501.0,False,,,FORSA
2013-03-20,40.0,24.0,15.0,6.0,7.0,5.0,2501.0,False,,,FORSA
2013-03-26,41.0,24.0,14.0,5.0,8.0,5.0,2506.0,False,,,FORSA
2013-04-03,40.0,24.0,15.0,5.0,8.0,5.0,2004.0,False,,,FORSA
2013-04-10,41.0,23.0,14.0,6.0,9.0,4.0,2002.0,False,,,FORSA
2013-04-17,42.0,22.0,15.0,5.0,8.0,5.0,2508.0,False,,,FORSA
2013-04-24,42.0,23.0,14.0,5.0,7.0,4.0,2504.0,False,2.0,,FORSA
2013-05-01,39.0,23.0,14.0,5.0,8.0,5.0,2502.0,False,3.0,,FORSA
2013-05-07,39.0,24.0,15.0,4.0,8.0,5.0,2000.0,False,3.0,,FORSA
2013-05-15,40.0,23.0,14.0,4.0,9.0,5.0,2001.0,False,2.0,,FORSA
2013-05-22,41.0,24.0,13.0,4.0,8.0,4.0,2503.0,False,3.0,,FORSA
2013-05-28,40.0,24.0,14.0,4.0,8.0,4.0,2001.0,False,3.0,,FORSA
2013-06-05,41.0,24.0,13.0,4.0,8.0,4.0,2508.0,False,3.0,,FORSA
2013-06-12,40.0,24.0,13.0,5.0,9.0,5.0,2501.0,False,2.0,,FORSA
2013-06-19,40.0,22.0,15.0,6.0,8.0,5.0,2501.0,False,2.0,,FORSA
2013-06-26,41.0,22.0,15.0,5.0,8.0,5.0,2502.0,False,2.0,,FORSA
2013-07-03,41.0,22.0,14.0,5.0,9.0,5.0,2501.0,False,2.0,,FORSA
2013-07-10,41.0,22.0,15.0,5.0,9.0,4.0,2503.0,False,2.0,,FORSA
2013-07-17,41.0,23.0,14.0,5.0,8.0,5.0,2502.0,False,2.0,,FORSA
2013-07-24,41.0,22.0,12.0,5.0,9.0,5.0,2500.0,False,2.0,,FORSA
2013-07-31,41.0,22.0,13.0,5.0,8.0,6.0,2501.0,False,2.0,,FORSA
2013-08-07,40.0,23.0,14.0,5.0,7.0,5.0,3003.0,False,3.0,,FORSA
2013-08-14,40.0,23.0,13.0,5.0,8.0,5.0,2500.0,False,3.0,,FORSA
2013-08-21,41.0,22.0,13.0,6.0,8.0,5.0,2502.0,False,2.0,,FORSA
2013-08-28,41.0,22.0,11.0,5.0,10.0,5.0,2501.0,False,3.0,,FORSA
2013-09-04,40.0,23.0,11.0,5.0,9.0,5.0,2502.0,False,4.0,,FORSA
2013-09-11,39.0,25.0,9.0,6.0,10.0,5.0,2500.0,False,3.0,,FORSA
2013-09-17,39.0,25.0,9.0,5.0,10.0,6.0,2502.0,False,3.0,,FORSA
2013-09-20,40.0,26.0,10.0,5.0,9.0,4.0,1995.0,False,4.0,,FORSA
2013-09-22,41.5,25.7,8.4,4.8,8.6,6.2,,True,4.7,"29,2 %",FORSA
2013-09-22,41.5,25.7,8.4,4.8,8.6,4.0,,True,4.7,,FORSA
2013-10-01,42.0,25.0,8.0,4.0,9.0,7.0,2499.0,False,5.0,28 %,FORSA
2013-10-09,45.0,24.0,8.0,3.0,8.0,6.0,2000.0,False,6.0,27 %,FORSA
2013-10-16,44.0,24.0,8.0,4.0,8.0,6.0,2501.0,False,6.0,25 %,FORSA
2013-10-23,43.0,25.0,8.0,4.0,9.0,6.0,2500.0,False,5.0,,FORSA
2013-10-30,42.0,24.0,9.0,4.0,9.0,7.0,2501.0,False,5.0,,FORSA
2013-11-06,42.0,25.0,9.0,3.0,9.0,7.0,2500.0,False,5.0,,FORSA
2013-11-13,41.0,24.0,9.0,4.0,10.0,7.0,2501.0,False,5.0,,FORSA
2013-11-20,41.0,24.0,10.0,4.0,10.0,6.0,2501.0,False,5.0,,FORSA
2013-11-27,42.0,23.0,9.0,3.0,10.0,8.0,2500.0,False,5.0,,FORSA
2013-12-04,42.0,23.0,10.0,3.0,10.0,7.0,2507.0,False,5.0,,FORSA
2013-12-11,43.0,24.0,9.0,3.0,10.0,6.0,2504.0,False,5.0,,FORSA
2013-12-17,42.0,24.0,9.0,4.0,10.0,6.0,2505.0,False,5.0,,FORSA
2014-01-01,42.0,24.0,10.0,5.0,10.0,5.0,2508.0,False,4.0,,FORSA
2014-01-08,41.0,23.0,10.0,5.0,10.0,6.0,1003.0,False,5.0,,FORSA
2014-01-15,40.0,23.0,10.0,5.0,10.0,7.0,2503.0,False,5.0,,FORSA
2014-01-22,41.0,23.0,10.0,5.0,10.0,7.0,2502.0,False,4.0,,FORSA
2014-01-29,42.0,23.0,11.0,4.0,9.0,7.0,2503.0,False,4.0,,FORSA
2014-02-05,42.0,24.0,10.0,4.0,9.0,7.0,2501.0,False,4.0,,FORSA
2014-02-12,41.0,24.0,10.0,4.0,10.0,7.0,2502.0,False,4.0,,FORSA
2014-02-19,40.0,24.0,10.0,4.0,10.0,7.0,2502.0,False,5.0,,FORSA
2014-02-26,41.0,22.0,10.0,5.0,10.0,7.0,2502.0,False,5.0,,FORSA
2014-03-05,40.0,22.0,10.0,4.0,11.0,7.0,2500.0,False,6.0,,FORSA
2014-03-12,42.0,23.0,9.0,4.0,10.0,7.0,2503.0,False,5.0,,FORSA
2014-03-19,42.0,23.0,9.0,4.0,10.0,7.0,2500.0,False,5.0,,FORSA
2014-03-26,41.0,23.0,10.0,4.0,10.0,7.0,2502.0,False,5.0,,FORSA
2014-04-02,42.0,23.0,9.0,4.0,10.0,6.0,2501.0,False,6.0,,FORSA
2014-04-09,42.0,23.0,10.0,4.0,10.0,6.0,2502.0,False,5.0,,FORSA
2014-04-15,41.0,23.0,10.0,4.0,10.0,6.0,2501.0,False,6.0,,FORSA
2014-04-23,41.0,24.0,10.0,4.0,10.0,6.0,2002.0,False,5.0,,FORSA
2014-04-29,41.0,24.0,10.0,4.0,9.0,6.0,2002.0,False,6.0,31 %,FORSA
2014-05-07,41.0,23.0,10.0,4.0,10.0,7.0,2001.0,False,5.0,32 %,FORSA
2014-05-14,40.0,24.0,10.0,4.0,10.0,6.0,2504.0,False,6.0,32 %,FORSA
2014-05-21,40.0,24.0,10.0,4.0,10.0,6.0,2501.0,False,6.0,32 %,FORSA
2014-05-27,40.0,25.0,10.0,4.0,10.0,5.0,2503.0,False,6.0,,FORSA
2014-06-04,38.0,23.0,10.0,4.0,10.0,7.0,2002.0,False,8.0,28 %,FORSA
2014-06-11,39.0,23.0,9.0,4.0,10.0,7.0,2501.0,False,8.0,26 %,FORSA
2014-06-17,39.0,23.0,10.0,4.0,10.0,7.0,2001.0,False,7.0,26 %,FORSA
2014-06-25,41.0,23.0,10.0,4.0,9.0,6.0,2504.0,False,7.0,26 %,FORSA
2014-07-02,41.0,23.0,10.0,4.0,9.0,6.0,2502.0,False,7.0,25 %,FORSA
2014-07-09,41.0,23.0,11.0,3.0,9.0,7.0,2014.0,False,6.0,26 %,FORSA
2014-07-16,41.0,23.0,11.0,3.0,9.0,7.0,2503.0,False,6.0,25 %,FORSA
2014-07-23,43.0,22.0,10.0,3.0,10.0,7.0,2505.0,False,5.0,25 %,FORSA
2014-07-30,43.0,22.0,10.0,3.0,10.0,7.0,2501.0,False,5.0,27 %,FORSA
2014-08-06,43.0,24.0,9.0,4.0,9.0,6.0,2501.0,False,5.0,27 %,FORSA
2014-08-13,42.0,24.0,10.0,4.0,9.0,6.0,2500.0,False,5.0,26 %,FORSA
2014-08-20,42.0,24.0,10.0,3.0,9.0,7.0,2502.0,False,5.0,27 %,FORSA
2014-08-27,42.0,24.0,10.0,3.0,9.0,7.0,2504.0,False,5.0,26 %,FORSA
2014-09-03,41.0,24.0,10.0,3.0,10.0,7.0,2504.0,False,5.0,27 %,FORSA
2014-09-10,42.0,23.0,9.0,3.0,9.0,7.0,2502.0,False,7.0,26 %,FORSA
2014-09-17,41.0,24.0,9.0,3.0,9.0,7.0,2503.0,False,7.0,25 %,FORSA
2014-09-23,42.0,22.0,8.0,2.0,9.0,7.0,2501.0,False,10.0,28 %,FORSA
2014-10-01,42.0,23.0,9.0,2.0,8.0,7.0,2501.0,False,9.0,27 %,FORSA
2014-10-07,41.0,23.0,10.0,2.0,9.0,7.0,2004.0,False,8.0,28 %,FORSA
2014-10-15,40.0,23.0,10.0,3.0,9.0,7.0,2505.0,False,8.0,28 %,FORSA
2014-10-22,41.0,24.0,9.0,2.0,9.0,7.0,2504.0,False,8.0,27 %,FORSA
2014-10-29,41.0,23.0,10.0,2.0,9.0,7.0,2504.0,False,8.0,28 %,FORSA
2014-11-05,41.0,22.0,10.0,3.0,9.0,7.0,2504.0,False,8.0,28 %,FORSA
2014-11-12,41.0,23.0,9.0,3.0,10.0,6.0,2502.0,False,8.0,29 %,FORSA
2014-11-19,42.0,22.0,10.0,3.0,9.0,7.0,2501.0,False,7.0,28 %,FORSA
2014-11-26,42.0,23.0,10.0,2.0,10.0,7.0,2501.0,False,6.0,29 %,FORSA
2014-12-03,41.0,24.0,11.0,2.0,9.0,7.0,2502.0,False,6.0,29 %,FORSA
2014-12-10,41.0,24.0,11.0,2.0,9.0,7.0,2503.0,False,6.0,29 %,FORSA
2014-12-16,43.0,23.0,10.0,2.0,10.0,7.0,2504.0,False,5.0,29 %,FORSA
2015-01-01,42.0,23.0,10.0,2.0,11.0,7.0,2504.0,False,5.0,30 %,FORSA
2015-01-07,42.0,22.0,11.0,3.0,10.0,7.0,1002.0,False,5.0,29 %,FORSA
2015-01-14,42.0,22.0,10.0,4.0,10.0,6.0,2504.0,False,6.0,28 %,FORSA
2015-01-21,42.0,22.0,10.0,3.0,10.0,7.0,2502.0,False,6.0,28 %,FORSA
2015-01-28,42.0,23.0,10.0,3.0,9.0,7.0,2015.0,False,6.0,29 %,FORSA
2015-02-04,42.0,23.0,10.0,4.0,10.0,6.0,2510.0,False,5.0,30 %,FORSA
2015-02-11,42.0,23.0,10.0,5.0,9.0,5.0,2503.0,False,6.0,29 %,FORSA
2015-02-18,43.0,23.0,10.0,5.0,8.0,6.0,2502.0,False,5.0,29 %,FORSA
2015-02-25,42.0,24.0,9.0,5.0,9.0,5.0,2501.0,False,6.0,28 %,FORSA
2015-03-04,41.0,24.0,9.0,5.0,9.0,5.0,2502.0,False,7.0,29 %,FORSA
2015-03-11,41.0,24.0,9.0,5.0,9.0,6.0,2504.0,False,6.0,30 %,FORSA
2015-03-18,41.0,24.0,9.0,5.0,9.0,6.0,2500.0,False,6.0,28 %,FORSA
2015-03-25,41.0,24.0,10.0,5.0,8.0,7.0,2501.0,False,5.0,28 %,FORSA
2015-03-31,42.0,23.0,10.0,4.0,9.0,6.0,2505.0,False,6.0,29 %,FORSA
2015-04-08,42.0,23.0,10.0,4.0,9.0,6.0,2001.0,False,6.0,28 %,FORSA
2015-04-15,42.0,24.0,10.0,5.0,8.0,6.0,2004.0,False,5.0,29 %,FORSA
2015-04-22,42.0,24.0,10.0,4.0,8.0,6.0,2502.0,False,6.0,28 %,FORSA
2015-04-29,42.0,24.0,10.0,4.0,9.0,7.0,2506.0,False,4.0,29 %,FORSA
2015-05-06,42.0,24.0,10.0,4.0,9.0,7.0,2001.0,False,4.0,30 %,FORSA
2015-05-12,41.0,23.0,12.0,4.0,9.0,6.0,2502.0,False,5.0,29 %,FORSA
2015-05-20,40.0,22.0,11.0,6.0,9.0,7.0,2003.0,False,5.0,28 %,FORSA
2015-05-27,39.0,23.0,11.0,7.0,9.0,7.0,2503.0,False,4.0,29 %,FORSA
2015-06-02,40.0,23.0,10.0,6.0,10.0,6.0,2502.0,False,5.0,27 %,FORSA
2015-06-10,41.0,24.0,10.0,6.0,9.0,6.0,2504.0,False,4.0,27 %,FORSA
2015-06-17,41.0,23.0,11.0,5.0,9.0,6.0,2502.0,False,5.0,29 %,FORSA
2015-06-24,41.0,23.0,10.0,5.0,10.0,7.0,2501.0,False,4.0,28 %,FORSA
2015-07-01,42.0,23.0,10.0,5.0,10.0,6.0,2505.0,False,4.0,29 %,FORSA
2015-07-08,42.0,23.0,11.0,5.0,10.0,5.0,2502.0,False,4.0,27 %,FORSA
2015-07-14,42.0,23.0,11.0,4.0,10.0,6.0,2503.0,False,4.0,28 %,FORSA
2015-07-22,41.0,24.0,10.0,5.0,10.0,6.0,2501.0,False,4.0,28 %,FORSA
2015-07-29,42.0,23.0,10.0,4.0,10.0,8.0,2501.0,False,3.0,,FORSA
2015-08-05,41.0,24.0,10.0,5.0,9.0,8.0,2501.0,False,3.0,29 %,FORSA
2015-08-12,43.0,23.0,10.0,5.0,9.0,7.0,2500.0,False,3.0,30 %,FORSA
2015-08-19,43.0,23.0,10.0,4.0,10.0,7.0,2500.0,False,3.0,30 %,FORSA
2015-08-26,41.0,23.0,10.0,4.0,11.0,7.0,2500.0,False,4.0,30 %,FORSA
2015-09-02,40.0,24.0,11.0,5.0,11.0,6.0,2504.0,False,3.0,30 %,FORSA
2015-09-09,41.0,24.0,10.0,4.0,10.0,7.0,2503.0,False,4.0,30 %,FORSA
2015-09-16,41.0,24.0,10.0,4.0,10.0,7.0,2501.0,False,4.0,29 %,FORSA
2015-09-23,40.0,24.0,10.0,5.0,10.0,7.0,2501.0,False,4.0,29 %,FORSA
2015-09-30,40.0,24.0,10.0,5.0,10.0,6.0,2506.0,False,5.0,32 %,FORSA
2015-10-07,39.0,25.0,9.0,5.0,9.0,6.0,2505.0,False,7.0,33 %,FORSA
2015-10-14,38.0,25.0,10.0,5.0,9.0,6.0,2502.0,False,7.0,34 %,FORSA
2015-10-21,38.0,24.0,11.0,4.0,10.0,6.0,2502.0,False,7.0,34 %,FORSA
2015-10-28,36.0,24.0,11.0,6.0,9.0,8.0,2501.0,False,6.0,34 %,FORSA
2015-11-04,36.0,24.0,11.0,5.0,9.0,8.0,2504.0,False,7.0,34 %,FORSA
2015-11-11,38.0,25.0,10.0,5.0,8.0,7.0,2503.0,False,7.0,32 %,FORSA
2015-11-17,36.0,25.0,10.0,5.0,9.0,7.0,2504.0,False,8.0,32 %,FORSA
2015-11-25,39.0,24.0,10.0,5.0,9.0,6.0,2502.0,False,7.0,33 %,FORSA
2015-12-02,39.0,24.0,10.0,5.0,9.0,7.0,2501.0,False,6.0,33 %,FORSA
2015-12-09,38.0,24.0,10.0,4.0,9.0,7.0,2506.0,False,8.0,36 %,FORSA
2015-12-15,39.0,24.0,11.0,4.0,9.0,5.0,2502.0,False,8.0,35 %,FORSA
2015-12-22,39.0,24.0,10.0,4.0,10.0,5.0,2504.0,False,8.0,34 %,FORSA
2015-12-29,38.0,23.0,10.0,5.0,10.0,6.0,1501.0,False,8.0,33 %,FORSA
2016-01-06,38.0,23.0,10.0,5.0,10.0,6.0,1503.0,False,8.0,32 %,FORSA
2016-01-13,38.0,23.0,10.0,5.0,10.0,5.0,2503.0,False,9.0,35 %,FORSA
2016-01-19,37.0,23.0,10.0,5.0,9.0,6.0,2501.0,False,10.0,36 %,FORSA
2016-01-27,36.0,24.0,10.0,5.0,10.0,5.0,2505.0,False,10.0,36 %,FORSA
2016-02-03,36.0,24.0,10.0,5.0,9.0,6.0,2501.0,False,10.0,34 %,FORSA
2016-02-10,36.0,24.0,10.0,5.0,9.0,6.0,2500.0,False,10.0,35 %,FORSA
2016-02-17,35.0,23.0,11.0,6.0,10.0,6.0,2501.0,False,9.0,35 %,FORSA
2016-02-24,35.0,24.0,10.0,6.0,10.0,5.0,2502.0,False,10.0,34 %,FORSA
2016-03-02,35.0,24.0,10.0,6.0,10.0,6.0,2503.0,False,9.0,34 %,FORSA
2016-03-09,35.0,23.0,11.0,6.0,9.0,6.0,2501.0,False,10.0,33 %,FORSA
2016-03-16,35.0,22.0,10.0,7.0,10.0,5.0,2505.0,False,11.0,34 %,FORSA
2016-03-22,35.0,20.0,13.0,6.0,8.0,5.0,2501.0,False,13.0,30 %,FORSA
2016-03-30,36.0,20.0,13.0,7.0,8.0,6.0,2005.0,False,10.0,29 %,FORSA
2016-04-06,35.0,21.0,13.0,7.0,8.0,6.0,2004.0,False,10.0,27 %,FORSA
2016-04-13,34.0,21.0,14.0,7.0,9.0,5.0,2506.0,False,10.0,29 %,FORSA
2016-04-20,34.0,21.0,13.0,7.0,9.0,5.0,2504.0,False,11.0,29 %,FORSA
2016-04-27,33.0,22.0,13.0,8.0,9.0,5.0,2502.0,False,10.0,28 %,FORSA
2016-05-03,34.0,21.0,13.0,8.0,9.0,6.0,2501.0,False,9.0,28 %,FORSA
2016-05-11,34.0,21.0,13.0,8.0,9.0,5.0,2002.0,False,10.0,27 %,FORSA
2016-05-17,34.0,19.0,14.0,7.0,9.0,6.0,2501.0,False,11.0,29 %,FORSA
2016-05-24,33.0,20.0,14.0,6.0,9.0,6.0,2006.0,False,12.0,30 %,FORSA
2016-06-01,34.0,21.0,13.0,6.0,9.0,7.0,2502.0,False,10.0,29 %,FORSA
2016-06-08,34.0,21.0,13.0,7.0,10.0,5.0,2501.0,False,10.0,29 %,FORSA
2016-06-15,33.0,21.0,13.0,6.0,10.0,6.0,2505.0,False,11.0,30 %,FORSA
2016-06-22,33.0,21.0,13.0,6.0,9.0,7.0,2503.0,False,11.0,29 %,FORSA
2016-06-28,34.0,22.0,12.0,6.0,9.0,7.0,2501.0,False,10.0,29 %,FORSA
2016-07-06,35.0,21.0,13.0,6.0,10.0,6.0,2504.0,False,9.0,27 %,FORSA
2016-07-13,36.0,23.0,12.0,6.0,9.0,6.0,2503.0,False,8.0,27 %,FORSA
2016-07-20,35.0,22.0,12.0,7.0,9.0,6.0,2502.0,False,9.0,28 %,FORSA
2016-07-26,35.0,22.0,13.0,6.0,9.0,6.0,2508.0,False,9.0,28 %,FORSA
2016-08-03,35.0,23.0,12.0,6.0,9.0,6.0,2508.0,False,9.0,27 %,FORSA
2016-08-10,36.0,21.0,13.0,5.0,10.0,6.0,2501.0,False,9.0,28 %,FORSA
2016-08-17,36.0,21.0,13.0,6.0,9.0,6.0,2501.0,False,9.0,29 %,FORSA
2016-08-24,35.0,22.0,12.0,6.0,9.0,6.0,2504.0,False,10.0,29 %,FORSA
2016-08-31,33.0,22.0,12.0,6.0,9.0,6.0,2503.0,False,12.0,29 %,FORSA
2016-09-07,33.0,22.0,12.0,7.0,8.0,6.0,2501.0,False,12.0,28 %,FORSA
2016-09-14,32.0,23.0,11.0,6.0,8.0,7.0,2501.0,False,13.0,28 %,FORSA
2016-09-21,33.0,23.0,11.0,6.0,8.0,6.0,2504.0,False,13.0,26 %,FORSA
2016-09-28,33.0,23.0,10.0,6.0,9.0,5.0,2506.0,False,14.0,25 %,FORSA
2016-10-05,33.0,22.0,11.0,6.0,10.0,5.0,2503.0,False,13.0,28 %,FORSA
2016-10-12,34.0,22.0,11.0,6.0,10.0,5.0,2004.0,False,12.0,28 %,FORSA
2016-10-19,34.0,22.0,11.0,6.0,9.0,6.0,2505.0,False,12.0,31 %,FORSA
2016-10-26,35.0,22.0,11.0,6.0,9.0,5.0,2504.0,False,12.0,29 %,FORSA
2016-11-02,34.0,22.0,11.0,7.0,10.0,5.0,2503.0,False,11.0,26 %,FORSA
2016-11-09,34.0,23.0,11.0,6.0,10.0,5.0,2503.0,False,11.0,26 %,FORSA
2016-11-16,35.0,23.0,11.0,6.0,10.0,5.0,2503.0,False,10.0,26 %,FORSA
2016-11-23,36.0,23.0,10.0,5.0,10.0,6.0,2505.0,False,10.0,25 %,FORSA
2016-11-30,37.0,22.0,10.0,5.0,9.0,6.0,2503.0,False,11.0,26 %,FORSA
2016-12-07,36.0,22.0,11.0,6.0,10.0,5.0,2501.0,False,10.0,25 %,FORSA
2016-12-14,37.0,21.0,10.0,6.0,9.0,6.0,2506.0,False,11.0,26 %,FORSA
2016-12-20,36.0,22.0,10.0,6.0,9.0,6.0,2502.0,False,11.0,26 %,FORSA
2016-12-28,38.0,20.0,10.0,5.0,9.0,6.0,2504.0,False,12.0,27 %,FORSA
2017-01-04,37.0,21.0,10.0,6.0,9.0,5.0,2001.0,False,12.0,30 %,FORSA
2017-01-11,37.0,20.0,10.0,6.0,9.0,6.0,2501.0,False,12.0,27 %,FORSA
2017-01-18,38.0,21.0,9.0,6.0,9.0,6.0,2503.0,False,11.0,26 %,FORSA
2017-01-25,37.0,21.0,10.0,6.0,9.0,5.0,2504.0,False,12.0,26 %,FORSA
2017-02-01,35.0,26.0,8.0,6.0,9.0,5.0,2502.0,False,11.0,24 %,FORSA
2017-02-08,34.0,31.0,8.0,5.0,8.0,4.0,2501.0,False,10.0,24 %,FORSA
2017-02-15,34.0,31.0,7.0,5.0,8.0,6.0,2502.0,False,9.0,24 %,FORSA
2017-02-22,34.0,31.0,7.0,6.0,8.0,6.0,2502.0,False,8.0,23 %,FORSA
2017-03-01,33.0,31.0,8.0,7.0,7.0,5.0,2500.0,False,9.0,23 %,FORSA
2017-03-08,33.0,32.0,8.0,6.0,7.0,6.0,2502.0,False,8.0,23 %,FORSA
2017-03-15,33.0,32.0,7.0,6.0,7.0,6.0,2505.0,False,9.0,24 %,FORSA
2017-03-22,34.0,31.0,7.0,6.0,7.0,6.0,2504.0,False,9.0,23 %,FORSA
2017-03-29,34.0,32.0,7.0,6.0,8.0,6.0,2501.0,False,7.0,23 %,FORSA
2017-04-04,36.0,29.0,7.0,5.0,9.0,6.0,2504.0,False,8.0,24 %,FORSA
2017-04-11,36.0,30.0,7.0,6.0,8.0,5.0,2502.0,False,8.0,23 %,FORSA
2017-04-19,36.0,30.0,6.0,6.0,9.0,5.0,2007.0,False,8.0,25 %,FORSA
2017-04-26,36.0,30.0,7.0,6.0,8.0,4.0,2002.0,False,9.0,24 %,FORSA
2017-05-03,36.0,28.0,8.0,7.0,8.0,5.0,2502.0,False,8.0,23 %,FORSA
2017-05-10,36.0,29.0,7.0,7.0,8.0,6.0,2004.0,False,7.0,23 %,FORSA
2017-05-17,38.0,26.0,7.0,8.0,8.0,6.0,2506.0,False,7.0,24 %,FORSA
2017-05-23,39.0,25.0,7.0,9.0,8.0,5.0,2502.0,False,7.0,22 %,FORSA
2017-05-31,38.0,25.0,7.0,9.0,8.0,6.0,2001.0,False,7.0,20 %,FORSA
2017-06-07,39.0,24.0,8.0,8.0,8.0,6.0,2501.0,False,7.0,20 %,FORSA
2017-06-13,38.0,24.0,8.0,9.0,8.0,6.0,2004.0,False,7.0,21 %,FORSA
2017-06-21,39.0,23.0,8.0,8.0,10.0,5.0,2505.0,False,7.0,23 %,FORSA
2017-06-28,40.0,23.0,9.0,7.0,9.0,5.0,2502.0,False,7.0,22 %,FORSA
2017-06-29,40.0,23.0,9.0,8.0,9.0,4.0,1507.0,False,7.0,,FORSA
2017-07-05,39.0,23.0,8.0,8.0,9.0,6.0,2503.0,False,7.0,21 %,FORSA
2017-07-11,39.0,22.0,8.0,8.0,9.0,6.0,2501.0,False,8.0,22 %,FORSA
2017-07-19,40.0,22.0,8.0,8.0,9.0,6.0,2502.0,False,7.0,23 %,FORSA
2017-07-26,40.0,22.0,8.0,8.0,9.0,6.0,2507.0,False,7.0,23 %,FORSA
2017-08-02,40.0,22.0,8.0,8.0,8.0,6.0,2501.0,False,8.0,23 %,FORSA
2017-08-09,40.0,23.0,8.0,7.0,8.0,6.0,2503.0,False,8.0,24 %,FORSA
2017-08-16,39.0,23.0,8.0,8.0,9.0,5.0,2507.0,False,8.0,26 %,FORSA
2017-08-23,38.0,24.0,7.0,8.0,9.0,5.0,2501.0,False,9.0,24 %,FORSA
2017-08-30,38.0,24.0,7.0,8.0,9.0,5.0,2501.0,False,9.0,26 %,FORSA
2017-09-06,38.0,23.0,8.0,8.0,9.0,5.0,2503.0,False,9.0,28 %,FORSA
2017-09-08,37.0,23.0,8.0,9.0,10.0,4.0,2001.0,False,9.0,,FORSA
2017-09-13,37.0,23.0,8.0,8.0,10.0,5.0,2505.0,False,9.0,26 %,FORSA
2017-09-19,36.0,23.0,8.0,9.0,10.0,5.0,2501.0,False,9.0,,FORSA
2017-09-22,36.0,22.0,7.0,9.5,9.5,5.0,2006.0,False,11.0,,FORSA
2017-09-24,32.9,20.5,8.9,10.7,9.2,5.0,,True,12.6,"23,8 %",FORSA
2017-10-04,32.0,20.0,10.0,11.0,10.0,5.0,2005.0,False,12.0,25 %,FORSA
2017-10-11,32.0,20.0,11.0,11.0,9.0,5.0,2001.0,False,12.0,24 %,FORSA
2017-10-18,32.0,20.0,11.0,11.0,9.0,5.0,2501.0,False,12.0,25 %,FORSA
2017-10-25,31.0,22.0,10.0,11.0,10.0,5.0,2503.0,False,11.0,25 %,FORSA
2017-11-01,33.0,20.0,11.0,11.0,9.0,5.0,2500.0,False,11.0,23 %,FORSA
2017-11-06,32.0,21.0,10.0,11.0,9.0,5.0,2005.0,False,12.0,22 %,FORSA
2017-11-13,32.0,20.0,10.0,12.0,9.0,5.0,2506.0,False,12.0,21 %,FORSA
2017-11-20,32.0,20.0,11.0,12.0,8.0,5.0,2505.0,False,12.0,21 %,FORSA
2017-11-20,31.0,21.0,12.0,10.0,9.0,5.0,1789.0,False,12.0,,FORSA
2017-11-27,33.0,19.0,12.0,10.0,9.0,6.0,2508.0,False,11.0,24 %,FORSA
2017-12-04,34.0,20.0,13.0,8.0,9.0,6.0,2502.0,False,10.0,23 %,FORSA
2017-12-10,34.0,20.0,12.0,8.0,9.0,6.0,2500.0,False,11.0,22 %,FORSA
2017-12-10,34.0,20.0,12.0,8.0,9.0,6.0,1566.0,False,11.0,,FORSA
2017-12-16,33.0,20.0,12.0,8.0,10.0,5.0,2501.0,False,12.0,21 %,FORSA
2017-12-27,34.0,19.0,12.0,8.0,10.0,5.0,2504.0,False,12.0,21 %,FORSA
2018-01-07,34.0,20.0,12.0,9.0,9.0,6.0,2003.0,False,10.0,22 %,FORSA
2018-01-15,33.0,20.0,12.0,9.0,9.0,6.0,2501.0,False,11.0,22 %,FORSA
2018-01-18,34.0,18.0,12.0,8.0,10.0,6.0,1504.0,False,12.0,,FORSA
2018-01-21,34.0,18.0,12.0,8.0,10.0,6.0,2501.0,False,12.0,23 %,FORSA
2018-01-22,34.0,17.0,12.0,8.0,11.0,5.0,1282.0,False,13.0,,FORSA
2018-01-29,34.0,18.0,12.0,9.0,10.0,5.0,2505.0,False,12.0,25 %,FORSA
2018-02-05,33.0,18.0,13.0,9.0,9.0,5.0,2507.0,False,13.0,24 %,FORSA
2018-02-09,31.0,18.0,13.0,10.0,10.0,5.0,1003.0,False,13.0,,FORSA
2018-02-17,34.0,16.0,13.0,9.0,10.0,5.0,2501.0,False,13.0,24 %,FORSA
2018-02-24,35.0,18.0,12.0,9.0,9.0,4.0,2506.0,False,13.0,25 %,FORSA
2018-03-03,35.0,18.0,12.0,9.0,9.0,4.0,2505.0,False,13.0,25 %,FORSA
2018-03-05,34.0,19.0,12.0,9.0,9.0,4.0,1502.0,False,13.0,26 %,FORSA
2018-03-11,34.0,18.0,13.0,9.0,10.0,4.0,2507.0,False,12.0,24 %,FORSA
2018-03-17,34.0,19.0,11.0,8.0,10.0,5.0,2502.0,False,13.0,25 %,FORSA
2018-03-24,31.0,19.0,12.0,9.0,11.0,4.0,2502.0,False,14.0,23 %,FORSA
2018-03-31,33.0,18.0,12.0,9.0,10.0,5.0,2003.0,False,13.0,23 %,FORSA
2018-04-07,32.0,20.0,11.0,9.0,10.0,5.0,2005.0,False,13.0,23 %,FORSA
2018-04-14,34.0,19.0,12.0,9.0,10.0,4.0,2506.0,False,12.0,23 %,FORSA
2018-04-23,34.0,18.0,13.0,9.0,10.0,4.0,2503.0,False,12.0,22 %,FORSA
2018-04-28,34.0,17.0,13.0,9.0,10.0,5.0,2507.0,False,12.0,22 %,FORSA
2018-05-05,34.0,18.0,11.0,9.0,10.0,5.0,2003.0,False,13.0,21 %,FORSA
2018-05-12,34.0,17.0,13.0,8.0,10.0,5.0,2004.0,False,13.0,23 %,FORSA
2018-05-19,33.0,18.0,12.0,9.0,9.0,6.0,2502.0,False,13.0,23 %,FORSA
2018-05-27,33.0,18.0,13.0,8.0,10.0,5.0,2002.0,False,13.0,24 %,FORSA
2018-06-02,34.0,18.0,12.0,8.0,10.0,5.0,2506.0,False,13.0,25 %,FORSA
2018-06-09,33.0,18.0,12.0,9.0,10.0,5.0,2504.0,False,13.0,23 %,FORSA
2018-06-16,30.0,16.0,14.0,10.0,9.0,6.0,1001.0,False,15.0,26 %,FORSA
2018-06-16,34.0,18.0,12.0,9.0,8.0,6.0,1501.0,False,13.0,23 %,FORSA
2018-06-24,30.0,17.0,13.0,9.0,10.0,6.0,2503.0,False,15.0,24 %,FORSA
2018-06-30,31.0,17.0,12.0,10.0,10.0,5.0,2508.0,False,15.0,24 %,FORSA
2018-07-07,30.0,17.0,13.0,10.0,9.0,5.0,2502.0,False,16.0,24 %,FORSA
2018-07-14,31.0,17.0,13.0,9.0,9.0,5.0,2505.0,False,16.0,24 %,FORSA
2018-07-21,31.0,18.0,13.0,8.0,10.0,5.0,2505.0,False,15.0,25 %,FORSA
2018-07-28,32.0,18.0,13.0,9.0,9.0,5.0,2505.0,False,14.0,25 %,FORSA
2018-08-04,31.0,18.0,13.0,10.0,9.0,5.0,2508.0,False,14.0,26 %,FORSA
2018-08-11,30.0,18.0,15.0,10.0,9.0,4.0,2505.0,False,14.0,26 %,FORSA
2018-08-18,30.0,18.0,15.0,9.0,10.0,4.0,2503.0,False,14.0,26 %,FORSA
2018-08-25,30.0,18.0,15.0,8.0,10.0,5.0,2502.0,False,14.0,26 %,FORSA
2018-09-01,30.0,17.0,16.0,8.0,8.0,5.0,2503.0,False,16.0,26 %,FORSA
2018-09-08,31.0,16.0,15.0,9.0,10.0,5.0,2507.0,False,14.0,27 %,FORSA
2018-09-15,30.0,18.0,16.0,8.0,10.0,5.0,2507.0,False,13.0,25 %,FORSA
2018-09-22,28.0,17.0,16.0,9.0,10.0,5.0,2502.0,False,15.0,31 %,FORSA
2018-09-29,28.0,16.0,17.0,9.0,10.0,5.0,2501.0,False,15.0,31 %,FORSA
2018-10-06,28.0,16.0,18.0,9.0,10.0,5.0,2002.0,False,14.0,29 %,FORSA
2018-10-13,28.0,16.0,19.0,9.0,9.0,5.0,2504.0,False,14.0,29 %,FORSA
2018-10-20,27.0,14.0,21.0,9.0,9.0,5.0,2502.0,False,15.0,26 %,FORSA
2018-10-27,26.0,14.0,21.0,9.0,10.0,6.0,2509.0,False,14.0,,FORSA
2018-11-03,27.0,13.0,24.0,9.0,9.0,5.0,2502.0,False,13.0,24 %,FORSA
2018-11-11,27.0,14.0,23.0,9.0,9.0,5.0,2504.0,False,13.0,23 %,FORSA
2018-11-17,28.0,14.0,23.0,9.0,9.0,5.0,2503.0,False,12.0,24 %,FORSA
2018-11-24,27.0,14.0,23.0,9.0,8.0,5.0,2507.0,False,14.0,21 %,FORSA
2018-12-01,27.0,14.0,22.0,9.0,8.0,6.0,2505.0,False,14.0,24 %,FORSA
2018-12-07,29.0,14.0,22.0,8.0,8.0,6.0,2006.0,False,13.0,,FORSA
2018-12-10,32.0,14.0,19.0,8.0,8.0,6.0,1506.0,False,13.0,22 %,FORSA
2018-12-15,32.0,15.0,19.0,8.0,8.0,6.0,2507.0,False,12.0,24 %,FORSA
2018-12-22,31.0,14.0,20.0,8.0,8.0,6.0,2504.0,False,13.0,24 %,FORSA
2019-01-05,32.0,15.0,19.0,8.0,9.0,5.0,1503.0,False,12.0,24 %,FORSA
2019-01-12,32.0,15.0,19.0,9.0,8.0,5.0,2504.0,False,12.0,25 %,FORSA
2019-01-19,32.0,15.0,19.0,9.0,8.0,5.0,2503.0,False,12.0,24 %,FORSA
2019-01-26,32.0,14.0,20.0,9.0,9.0,5.0,2501.0,False,11.0,24 %,FORSA
2019-02-02,32.0,15.0,19.0,9.0,8.0,5.0,2501.0,False,12.0,25 %,FORSA
2019-02-09,31.0,15.0,19.0,10.0,8.0,5.0,2500.0,False,12.0,24 %,FORSA
2019-02-16,29.0,17.0,21.0,10.0,6.0,5.0,2501.0,False,12.0,25 %,FORSA
2019-02-23,30.0,16.0,20.0,9.0,7.0,6.0,2501.0,False,12.0,26 %,FORSA
2019-03-04,30.0,16.0,20.0,9.0,8.0,6.0,2502.0,False,11.0,,FORSA
2019-03-09,31.0,15.0,19.0,9.0,8.0,6.0,2501.0,False,12.0,24 %,FORSA
2019-03-16,31.0,15.0,19.0,10.0,7.0,6.0,2505.0,False,12.0,24 %,FORSA
2019-03-23,30.0,16.0,20.0,9.0,8.0,6.0,2501.0,False,11.0,25 %,FORSA
2019-03-30,28.0,16.0,20.0,10.0,8.0,6.0,2504.0,False,12.0,27 %,FORSA
2019-04-06,29.0,16.0,20.0,10.0,8.0,5.0,2501.0,False,12.0,26 %,FORSA
2019-04-13,29.0,16.0,19.0,10.0,8.0,6.0,2501.0,False,12.0,24 %,FORSA
2019-04-22,28.0,17.0,19.0,9.0,8.0,6.0,2004.0,False,13.0,23 %,FORSA
2019-04-29,27.0,17.0,20.0,8.0,9.0,6.0,2009.0,False,13.0,23 %,FORSA
2019-05-06,29.0,15.0,20.0,8.0,9.0,6.0,2002.0,False,13.0,23 %,FORSA
2019-05-13,30.0,15.0,20.0,8.0,8.0,6.0,2502.0,False,13.0,23 %,FORSA
2019-05-20,29.0,16.0,19.0,8.0,9.0,6.0,2503.0,False,13.0,22 %,FORSA
2019-05-27,28.0,17.0,18.0,8.0,8.0,8.0,2500.0,False,13.0,24 %,FORSA
2019-06-01,26.0,12.0,27.0,8.0,7.0,9.0,2001.0,False,11.0,17 %,FORSA
2019-06-08,24.0,12.0,27.0,8.0,8.0,9.0,2501.0,False,12.0,18 %,FORSA
2019-06-15,24.0,11.0,27.0,9.0,8.0,8.0,2001.0,False,13.0,18 %,FORSA
2019-06-22,24.0,12.0,27.0,8.0,8.0,8.0,2500.0,False,13.0,18 %,FORSA
2019-06-29,26.0,12.0,26.0,8.0,8.0,8.0,2501.0,False,12.0,19 %,FORSA
2019-07-06,26.0,12.0,26.0,8.0,8.0,8.0,2501.0,False,12.0,19 %,FORSA
2019-07-13,26.0,13.0,25.0,7.0,8.0,8.0,2500.0,False,13.0,19 %,FORSA
2019-07-20,27.0,13.0,24.0,8.0,8.0,8.0,2500.0,False,12.0,20 %,FORSA
2019-07-27,27.0,13.0,24.0,9.0,7.0,7.0,2502.0,False,13.0,20 %,FORSA
2019-08-03,27.0,13.0,23.0,9.0,8.0,7.0,2501.0,False,13.0,22 %,FORSA
2019-08-10,26.0,12.0,25.0,8.0,8.0,8.0,2503.0,False,13.0,22 %,FORSA
2019-08-17,25.0,13.0,24.0,9.0,8.0,8.0,2501.0,False,13.0,23 %,FORSA
2019-08-24,26.0,14.0,23.0,9.0,8.0,7.0,2504.0,False,13.0,21 %,FORSA
2019-08-31,27.0,15.0,23.0,9.0,7.0,7.0,2501.0,False,12.0,19 %,FORSA
2019-09-07,27.0,15.0,23.0,8.0,6.0,8.0,2503.0,False,13.0,20 %,FORSA
2019-09-14,27.0,15.0,22.0,8.0,7.0,7.0,2503.0,False,14.0,21 %,FORSA
2019-09-21,27.0,15.0,22.0,8.0,7.0,8.0,2500.0,False,13.0,21 %,FORSA
2019-09-28,27.0,13.0,23.0,9.0,7.0,8.0,2505.0,False,13.0,20 %,FORSA
2019-10-05,28.0,14.0,22.0,8.0,7.0,8.0,2505.0,False,13.0,22 %,FORSA
2019-10-12,27.0,14.0,23.0,8.0,8.0,8.0,2500.0,False,12.0,22 %,FORSA
2019-10-19,27.0,14.0,22.0,8.0,8.0,8.0,2501.0,False,13.0,22 %,FORSA
2019-10-26,29.0,14.0,20.0,8.0,8.0,8.0,2501.0,False,13.0,22 %,FORSA
2019-11-02,28.0,13.0,20.0,8.0,10.0,8.0,2502.0,False,13.0,25 %,FORSA
2019-11-09,26.0,13.0,21.0,9.0,10.0,8.0,2501.0,False,13.0,24 %,FORSA
2019-11-16,26.0,15.0,19.0,9.0,10.0,8.0,2501.0,False,13.0,23 %,FORSA
2019-11-23,26.0,14.0,21.0,9.0,9.0,8.0,2501.0,False,13.0,22 %,FORSA
2019-11-30,27.0,14.0,22.0,8.0,8.0,8.0,2500.0,False,13.0,23 %,FORSA
2019-12-07,28.0,11.0,22.0,9.0,8.0,8.0,2502.0,False,14.0,24 %,FORSA
2019-12-14,28.0,12.0,22.0,8.0,9.0,8.0,2502.0,False,13.0,22 %,FORSA
2019-12-21,28.0,13.0,22.0,8.0,8.0,8.0,2501.0,False,13.0,23 %,FORSA
2020-01-11,28.0,12.0,22.0,9.0,8.0,8.0,2503.0,False,13.0,23 %,FORSA
2020-01-18,28.0,13.0,22.0,8.0,9.0,7.0,2504.0,False,13.0,22 %,FORSA
2020-01-25,28.0,12.0,23.0,9.0,9.0,7.0,2507.0,False,12.0,,FORSA
2020-02-01,28.0,12.0,23.0,9.0,9.0,8.0,2504.0,False,11.0,24 %,FORSA
2020-02-08,28.0,14.0,23.0,8.0,9.0,8.0,2503.0,False,10.0,,FORSA
2020-02-15,27.0,14.0,24.0,6.0,10.0,8.0,2502.0,False,11.0,20 %,FORSA
2020-02-22,27.0,14.0,24.0,7.0,10.0,8.0,2504.0,False,10.0,,FORSA
2020-02-29,27.0,16.0,24.0,5.0,10.0,8.0,2505.0,False,10.0,25 %,FORSA
2020-03-07,26.0,15.0,24.0,6.0,10.0,8.0,2503.0,False,11.0,27 %,FORSA
2020-03-14,29.0,14.0,22.0,6.0,10.0,8.0,2503.0,False,11.0,22 %,FORSA
2020-03-21,32.0,15.0,20.0,7.0,9.0,8.0,2504.0,False,9.0,24 %,FORSA
2020-03-26,36.0,16.0,17.0,6.0,8.0,8.0,1502.0,False,9.0,24 %,FORSA
2020-03-28,36.0,16.0,17.0,6.0,8.0,8.0,2511.0,False,9.0,25 %,FORSA
2020-04-04,37.0,17.0,16.0,6.0,8.0,7.0,2506.0,False,9.0,25 %,FORSA
2020-04-11,37.0,17.0,16.0,5.0,8.0,7.0,2001.0,False,10.0,,FORSA
2020-04-18,39.0,16.0,15.0,5.0,8.0,7.0,2002.0,False,10.0,25 %,FORSA
2020-04-25,39.0,16.0,15.0,6.0,8.0,7.0,2505.0,False,9.0,24 %,FORSA
2020-05-02,38.0,17.0,14.0,6.0,8.0,7.0,2004.0,False,10.0,26 %,FORSA
2020-05-09,40.0,15.0,15.0,6.0,7.0,7.0,2503.0,False,10.0,27 %,FORSA
2020-05-16,39.0,15.0,16.0,6.0,8.0,7.0,2509.0,False,9.0,25 %,FORSA
2020-05-23,40.0,15.0,16.0,5.0,8.0,7.0,2002.0,False,9.0,26 %,FORSA
2020-05-30,40.0,15.0,16.0,5.0,8.0,7.0,2500.0,False,9.0,26 %,FORSA
2020-06-06,40.0,16.0,15.0,6.0,8.0,7.0,2002.0,False,8.0,27 %,FORSA
2020-06-13,40.0,14.0,17.0,6.0,8.0,7.0,2504.0,False,8.0,26 %,FORSA
2020-06-20,39.0,14.0,18.0,5.0,8.0,7.0,2501.0,False,9.0,25 %,FORSA
2020-06-27,38.0,14.0,17.0,6.0,8.0,7.0,2501.0,False,10.0,27 %,FORSA
2020-07-04,38.0,14.0,18.0,5.0,8.0,7.0,2503.0,False,10.0,27 %,FORSA
2020-07-11,38.0,14.0,18.0,6.0,7.0,7.0,2500.0,False,10.0,24 %,FORSA
2020-07-18,38.0,14.0,18.0,6.0,8.0,7.0,2501.0,False,9.0,23 %,FORSA
2020-07-25,38.0,14.0,18.0,6.0,8.0,7.0,2504.0,False,9.0,23 %,FORSA
2020-08-01,38.0,14.0,18.0,6.0,8.0,8.0,2504.0,False,8.0,22 %,FORSA
2020-08-08,38.0,14.0,18.0,6.0,8.0,8.0,2502.0,False,8.0,22 %,FORSA
2020-08-15,36.0,16.0,20.0,6.0,6.0,7.0,2501.0,False,9.0,22 %,FORSA
2020-08-22,36.0,16.0,19.0,5.0,7.0,8.0,2504.0,False,9.0,23 %,FORSA
2020-08-29,36.0,16.0,19.0,5.0,7.0,8.0,2502.0,False,9.0,23 %,FORSA
2020-09-05,36.0,16.0,18.0,5.0,9.0,7.0,2503.0,False,9.0,22 %,FORSA
2020-09-12,36.0,16.0,18.0,5.0,9.0,7.0,2501.0,False,9.0,23 %,FORSA
2020-09-19,36.0,14.0,22.0,5.0,8.0,7.0,2501.0,False,8.0,22 %,FORSA
2020-09-26,35.0,15.0,21.0,6.0,8.0,6.0,2504.0,False,9.0,23 %,FORSA
2020-10-03,36.0,15.0,20.0,6.0,7.0,7.0,2502.0,False,9.0,22 %,FORSA
2020-10-10,36.0,15.0,20.0,5.0,8.0,7.0,2504.0,False,9.0,21 %,FORSA
2020-10-17,36.0,15.0,20.0,6.0,7.0,7.0,2501.0,False,9.0,23 %,FORSA
2020-10-24,36.0,15.0,20.0,6.0,7.0,7.0,2503.0,False,9.0,22 %,FORSA
2020-10-31,35.0,16.0,19.0,6.0,8.0,6.0,2503.0,False,10.0,22 %,FORSA
2020-11-07,36.0,15.0,18.0,6.0,8.0,7.0,2502.0,False,10.0,22 %,FORSA
2020-11-14,36.0,15.0,19.0,5.0,8.0,7.0,2502.0,False,10.0,22 %,FORSA
2020-11-21,36.0,16.0,19.0,6.0,7.0,7.0,2505.0,False,9.0,23 %,FORSA
2020-11-28,37.0,15.0,21.0,6.0,8.0,6.0,2500.0,False,7.0,23 %,FORSA
2020-12-05,36.0,15.0,20.0,6.0,8.0,7.0,2507.0,False,8.0,21 %,FORSA
2020-12-12,37.0,15.0,20.0,5.0,8.0,7.0,2503.0,False,8.0,23 %,FORSA
2020-12-19,37.0,15.0,19.0,6.0,8.0,7.0,2505.0,False,8.0,23 %,FORSA
2020-12-26,36.0,15.0,18.0,6.0,9.0,7.0,1501.0,False,9.0,,FORSA
2021-01-09,36.0,14.0,20.0,7.0,8.0,7.0,2503.0,False,8.0,21 %,FORSA
2021-01-18,35.0,15.0,20.0,6.0,8.0,7.0,2504.0,False,9.0,24 %,FORSA
2021-01-18,35.0,15.0,19.0,7.0,8.0,7.0,2014.0,False,9.0,24 %,FORSA
2021-01-26,37.0,15.0,18.0,7.0,7.0,7.0,3005.0,False,9.0,23 %,FORSA
2021-02-02,37.0,15.0,19.0,6.0,8.0,7.0,2503.0,False,8.0,23 %,FORSA
2021-02-09,37.0,15.0,19.0,7.0,7.0,7.0,2501.0,False,8.0,21 %,FORSA
2021-02-16,35.0,16.0,19.0,7.0,8.0,7.0,2502.0,False,8.0,21 %,FORSA
2021-02-23,35.0,16.0,19.0,8.0,7.0,7.0,2505.0,False,8.0,23 %,FORSA
2021-03-02,34.0,16.0,19.0,7.0,8.0,7.0,2501.0,False,9.0,24 %,FORSA
2021-03-10,33.0,16.0,18.0,8.0,8.0,7.0,2510.0,False,10.0,22 %,FORSA
2021-03-17,29.0,16.0,21.0,8.0,8.0,8.0,2501.0,False,10.0,22 %,FORSA
2021-03-24,26.0,16.0,22.0,10.0,8.0,8.0,2511.0,False,10.0,21 %,FORSA
2021-03-31,27.0,15.0,23.0,10.0,7.0,7.0,2503.0,False,11.0,22 %,FORSA
2021-04-07,27.0,15.0,23.0,10.0,7.0,8.0,1501.0,False,10.0,21 %,FORSA
